agency_id,ori,legacy_ori,agency_name,short_name,agency_type_id,agency_type_name,tribe_id,campus_id,city_id,city_name,state_id,state_abbr,primary_county_id,primary_county,primary_county_fips,agency_status,submitting_agency_id,submitting_sai,submitting_name,submitting_state_abbr,start_year,dormant_year,current_year,revised_rape_start,current_nibrs_start_year,population,population_group_code,population_group_desc,population_source_flag,suburban_area_flag,core_city_flag,months_reported,nibrs_months_reported,past_10_years_reported,covered_by_id,covered_by_ori,covered_by_name,staffing_year,total_officers,total_civilians,icpsr_zip,icpsr_lat,icpsr_lng
7332,LA0470100,LA0470100,Lutcher Police Department,Lutcher,1,City,,,3847,Lutcher,22,LA,1172,St James,22093,A,23370,LAUCR0001,Louisiana Commission on Law Enforcement LUCR/LIBRS/LEMIS,LA,1960,,2016,,,3366,6,"Cities from 2,500 thru 9,999",L,Y,N,0,0,6,,,,2016,3,0,70071,30.02482,-90.793956
7412,LALSP0000,LALSP0000,State Police,State Police,4,State Police,,,,,22,LA,3426,,,A,23370,LAUCR0001,Louisiana Commission on Law Enforcement LUCR/LIBRS/LEMIS,LA,1960,,2016,,,0,8D,"Non-MSA counties under 10,000",L,N,N,0,0,0,,,,2013,1164,558,70806,30.544002,-91.093174
7257,LA0280400,LA0280400,Duson Police Department,Duson,1,City,,,3791,Duson,22,LA,1154,Lafayette,22055,A,23370,LAUCR0001,Louisiana Commission on Law Enforcement LUCR/LIBRS/LEMIS,LA,1995,,2016,2014,2005,1781,7,"Cities under 2,500",L,Y,N,0,0,0,7253,LA0280000,Lafayette,2004,5,0,70529,30.206507,-92.06417
7219,LA0200300,LA0200300,Ville Platte Police Department,Ville Platte,1,City,,,3914,Ville Platte,22,LA,1145,Evangeline,22039,A,23370,LAUCR0001,Louisiana Commission on Law Enforcement LUCR/LIBRS/LEMIS,LA,1960,,2016,,,7255,6,"Cities from 2,500 thru 9,999",L,N,N,12,0,4,,,,2016,31,15,70586,30.720693,-92.404086
7283,LA0340000,LA0340000,Morehouse County Sheriff's Office,Morehouse,2,County,,,,,22,LA,1159,Morehouse,22067,A,23370,LAUCR0001,Louisiana Commission on Law Enforcement LUCR/LIBRS/LEMIS,LA,1960,,2016,2013,,15676,8C,"Non-MSA counties from 10,000 thru 24,999",L,N,N,8,8,9,,,,2016,48,96,71220,32.820008,-91.800399
7139,LA0010300,LA0010300,Church Point Police Department,Church Point,1,City,,,3774,Church Point,22,LA,1126,Acadia,22001,A,23370,LAUCR0001,Louisiana Commission on Law Enforcement LUCR/LIBRS/LEMIS,LA,1960,,2016,,,4531,6,"Cities from 2,500 thru 9,999",L,Y,N,5,0,3,,,,2011,15,0,70525,30.291497,-92.411037
7296,LA0361700,LA0361700,"Louisiana State University: Health Sciences Center, New Orleans","Louisiana State University: Health Sciences Center, New Orleans",3,University or College,,327,,,22,LA,1161,Orleans,22071,A,23370,LAUCR0001,Louisiana Commission on Law Enforcement LUCR/LIBRS/LEMIS,LA,1994,,2016,,,0,7,"Cities under 2,500",L,Y,N,12,0,9,,,,2016,32,0,70112,30.067468,-89.927212
7262,LA0290100,LA0290100,Golden Meadow Police Department,Golden Meadow,1,City,,,3807,Golden Meadow,22,LA,1155,Lafourche,22057,A,23370,LAUCR0001,Louisiana Commission on Law Enforcement LUCR/LIBRS/LEMIS,LA,1960,,2016,,,2070,7,"Cities under 2,500",L,Y,N,12,0,9,,,,2016,3,2,70357,29.491992,-90.394849
7143,LA0020100,LA0020100,Kinder Police Department,Kinder,1,City,,,3836,Kinder,22,LA,1127,Allen,22003,A,23370,LAUCR0001,Louisiana Commission on Law Enforcement LUCR/LIBRS/LEMIS,LA,1979,,2016,,,2446,7,"Cities under 2,500",L,N,N,12,0,8,,,,2016,11,5,70648,30.652744,-92.819605
7165,LA0080000,LA0080000,Bossier County Sheriff's Office,Bossier,2,County,,,,,22,LA,1133,Bossier,22015,A,23370,LAUCR0001,Louisiana Commission on Law Enforcement LUCR/LIBRS/LEMIS,LA,1960,,2016,2013,2016,51903,9B,"MSA counties from 25,000 thru 99,999",L,Y,N,12,12,10,,,,2016,328,75,71006,32.696225,-93.618086
7270,LA0310100,LA0310100,Dubach Police Department,Dubach,1,City,,,3790,Dubach,22,LA,1156,Lincoln,22061,A,23370,LAUCR0001,Louisiana Commission on Law Enforcement LUCR/LIBRS/LEMIS,LA,1975,,2016,2014,2012,981,7,"Cities under 2,500",L,N,N,0,0,0,7269,LA0310000,Lincoln,2004,2,0,71235,32.601823,-92.662303
7169,LA0080600,LA0080600,Louisiana State University: Shreveport,Louisiana State University: Shreveport,3,University or College,,329,,,22,LA,1133,Bossier,22015,A,23370,LAUCR0001,Louisiana Commission on Law Enforcement LUCR/LIBRS/LEMIS,LA,1995,,2016,,,0,7,"Cities under 2,500",L,Y,N,12,0,8,,,,2016,7,1,71115,32.696225,-93.618086
7343,LA0491100,LA0491100,Palmetto Police Department,Palmetto,1,City,,,3878,Palmetto,22,LA,1174,St Landry,22097,A,23370,LAUCR0001,Louisiana Commission on Law Enforcement LUCR/LIBRS/LEMIS,LA,2006,,2016,2014,2013,163,7,"Cities under 2,500",L,N,N,0,0,0,7335,LA0490000,St. Landry,,,,71358,30.583441,-91.989274
7175,LA0090400,LA0090400,Blanchard Police Department,Blanchard,1,City,,,3764,Blanchard,22,LA,1134,Caddo,22017,A,23370,LAUCR0001,Louisiana Commission on Law Enforcement LUCR/LIBRS/LEMIS,LA,1994,,2016,,,2911,6,"Cities from 2,500 thru 9,999",L,Y,N,12,0,8,,,,2016,5,1,71009,32.577195,-93.882423
7399,LA0610000,LA0610000,West Baton Rouge County Sheriff's Office,West Baton Rouge,2,County,,,,,22,LA,1186,West Baton Rouge,22121,A,23370,LAUCR0001,Louisiana Commission on Law Enforcement LUCR/LIBRS/LEMIS,LA,1960,,2016,,,12826,9C,"MSA counties from 10,000 thru 24,999",L,Y,N,12,0,10,,,,2016,150,46,70767,30.464052,-91.309808
7305,LA0380000,LA0380000,Plaquemines County Sheriff's Office,Plaquemines,2,County,,,,,22,LA,1163,Plaquemines,22075,A,23370,LAUCR0001,Louisiana Commission on Law Enforcement LUCR/LIBRS/LEMIS,LA,1960,,2016,2013,2016,23499,9C,"MSA counties from 10,000 thru 24,999",L,Y,N,12,12,10,,,,2016,209,0,70037,29.402337,-89.298489
7352,LA0510300,LA0510300,Morgan City Police Department,Morgan City,1,City,,,3862,Morgan City,22,LA,1176,St Mary,22101,A,23370,LAUCR0001,Louisiana Commission on Law Enforcement LUCR/LIBRS/LEMIS,LA,1960,,2016,,,11837,5,"Cities from 10,000 thru 24,999",L,N,N,12,0,10,,,,2014,32,16,70381,29.629349,-91.463804
7295,LA0361200,LA0361200,Southern University and A&M College: New Orleans,Southern University and A&M College: New Orleans,3,University or College,,553,,,22,LA,1161,Orleans,22071,A,23370,LAUCR0001,Louisiana Commission on Law Enforcement LUCR/LIBRS/LEMIS,LA,1997,,2016,,,0,7,"Cities under 2,500",L,Y,N,12,0,7,,,,2016,15,0,70126,30.067468,-89.927212
7153,LA0050100,LA0050100,Bunkie Police Department,Bunkie,1,City,,,3771,Bunkie,22,LA,1130,Avoyelles,22009,A,23370,LAUCR0001,Louisiana Commission on Law Enforcement LUCR/LIBRS/LEMIS,LA,1960,,2016,,,4044,6,"Cities from 2,500 thru 9,999",L,N,N,12,0,5,,,,2016,5,4,71322,31.085094,-91.993797
7379,LA0560200,LA0560200,Bernice Police Department,Bernice,1,City,,,3762,Bernice,22,LA,1181,Union,22111,A,23370,LAUCR0001,Louisiana Commission on Law Enforcement LUCR/LIBRS/LEMIS,LA,1995,,2016,2013,,1645,7,"Cities under 2,500",L,Y,N,2,2,7,,,,2014,4,0,71222,32.829349,-92.37565
7318,LA0410100,LA0410100,Coushatta Police Department,Coushatta,1,City,,,3780,Coushatta,22,LA,1166,Red River,22081,A,23370,LAUCR0001,Louisiana Commission on Law Enforcement LUCR/LIBRS/LEMIS,LA,1999,,2016,,,1847,7,"Cities under 2,500",L,N,N,12,0,9,,,,2016,7,1,71019,32.101213,-93.34905
7234,LA0240200,LA0240200,Plaquemine Police Department,Plaquemine,1,City,,,3882,Plaquemine,22,LA,1149,Iberville,22047,A,23370,LAUCR0001,Louisiana Commission on Law Enforcement LUCR/LIBRS/LEMIS,LA,1960,,2016,2013,2016,6926,6,"Cities from 2,500 thru 9,999",L,Y,N,12,12,8,,,,2016,24,4,70764,30.288394,-91.36315
7323,LA0430000,LA0430000,Sabine County Sheriff's Office,Sabine,2,County,,,,,22,LA,1168,Sabine,22085,A,23370,LAUCR0001,Louisiana Commission on Law Enforcement LUCR/LIBRS/LEMIS,LA,1960,,2016,,,20514,8C,"Non-MSA counties from 10,000 thru 24,999",L,N,N,12,0,8,,,,2016,60,29,71449,31.560209,-93.559228
7248,LA0270000,LA0270000,Jefferson Davis County Sheriff's Office,Jefferson Davis,2,County,,,,,22,LA,1152,Jefferson Davis,22053,A,23370,LAUCR0001,Louisiana Commission on Law Enforcement LUCR/LIBRS/LEMIS,LA,1960,,2016,2013,,15276,8C,"Non-MSA counties from 10,000 thru 24,999",L,N,N,0,0,6,,,,2016,75,0,70546,30.269529,-92.816221
7361,LA0520600,LA0520600,Abita Springs Police Department,Abita Springs,1,City,,,12036,Abita Springs,22,LA,1177,St Tammany,22103,A,23370,LAUCR0001,Louisiana Commission on Law Enforcement LUCR/LIBRS/LEMIS,LA,1994,,2016,2014,2007,2505,6,"Cities from 2,500 thru 9,999",L,Y,N,0,0,0,7356,LA0520000,St. Tammany,2004,6,1,70420,30.410022,-89.951962
7176,LA0091000,LA0091000,Greenwood Police Department,Greenwood,1,City,,,3812,Greenwood,22,LA,1134,Caddo,22017,A,23370,LAUCR0001,Louisiana Commission on Law Enforcement LUCR/LIBRS/LEMIS,LA,2009,,2016,,,3194,6,"Cities from 2,500 thru 9,999",L,Y,N,12,0,7,,,,2016,9,1,71033,32.577195,-93.882423
7213,LA0190200,LA0190200,Jackson Police Department,Jackson,1,City,,,3827,Jackson,22,LA,1144,East Feliciana,22037,A,23370,LAUCR0001,Louisiana Commission on Law Enforcement LUCR/LIBRS/LEMIS,LA,1979,,2016,2014,2014,3792,6,"Cities from 2,500 thru 9,999",L,Y,N,0,0,1,7211,LA0190000,East Feliciana,2008,5,0,70748,30.839784,-91.043434
7372,LA0540100,LA0540100,Newellton Police Department,Newellton,1,City,,,3869,Newellton,22,LA,1179,Tensas,22107,A,23370,LAUCR0001,Louisiana Commission on Law Enforcement LUCR/LIBRS/LEMIS,LA,1994,,2016,,2015,1074,7,"Cities under 2,500",L,N,N,0,0,0,7371,LA0540000,Tensas,2008,3,0,71357,32.001489,-91.342576
7286,LA0340400,LA0340400,Collinston Police Department,Collinston,1,City,,,3778,Collinston,22,LA,1159,Morehouse,22067,A,23370,LAUCR0001,Louisiana Commission on Law Enforcement LUCR/LIBRS/LEMIS,LA,1975,,2016,2014,,269,7,"Cities under 2,500",L,N,N,0,0,0,7283,LA0340000,Morehouse,1999,1,0,71229,32.820008,-91.800399
7407,LA0630100,LA0630100,St. Francisville Police Department,St. Francisville,1,City,,,3893,Saint Francisville,22,LA,1188,West Feliciana,22125,A,23370,LAUCR0001,Louisiana Commission on Law Enforcement LUCR/LIBRS/LEMIS,LA,1994,,2016,,,1705,7,"Cities under 2,500",L,Y,N,3,0,4,,,,2016,8,0,70775,30.872701,-91.421008
7334,LA0480000,LA0480000,St. John the Baptist County Sheriff's Office,St. John the Baptist,2,County,,,,,22,LA,1173,St John The Baptist,22095,A,23370,LAUCR0001,Louisiana Commission on Law Enforcement LUCR/LIBRS/LEMIS,LA,1960,,2016,,2016,43223,9B,"MSA counties from 25,000 thru 99,999",L,Y,N,12,12,10,,,,2016,237,2,70068,30.147307,-90.485674
7223,LA0210400,LA0210400,Baskin Police Department,Baskin,1,City,,,3758,Baskin,22,LA,1146,Franklin,22041,A,23370,LAUCR0001,Louisiana Commission on Law Enforcement LUCR/LIBRS/LEMIS,LA,1975,,2016,2014,2012,246,7,"Cities under 2,500",L,N,N,0,0,0,7220,LA0210000,Franklin,1999,4,0,71219,32.138278,-91.672101
7324,LA0430100,LA0430100,Many Police Department,Many,1,City,,,3852,Many,22,LA,1168,Sabine,22085,A,23370,LAUCR0001,Louisiana Commission on Law Enforcement LUCR/LIBRS/LEMIS,LA,1960,,2016,,,2784,6,"Cities from 2,500 thru 9,999",L,N,N,12,0,9,,,,2016,13,0,71449,31.560209,-93.559228
7381,LA0570000,LA0570000,Vermilion County Sheriff's Office,Vermilion,2,County,,,,,22,LA,1182,Vermilion,22113,A,23370,LAUCR0001,Louisiana Commission on Law Enforcement LUCR/LIBRS/LEMIS,LA,1960,,2016,,,40707,9B,"MSA counties from 25,000 thru 99,999",L,Y,N,12,0,10,,,,2016,103,25,70511,29.786872,-92.29009
7273,LA0310600,LA0310600,Grambling State University,Grambling State University,3,University or College,,243,,,22,LA,1156,Lincoln,22061,A,23370,LAUCR0001,Louisiana Commission on Law Enforcement LUCR/LIBRS/LEMIS,LA,1993,,2016,,,0,7,"Cities under 2,500",L,N,N,12,0,8,,,,2009,9,15,71245,32.601823,-92.662303
7197,LA0150200,LA0150200,Vidalia Police Department,Vidalia,1,City,,,3913,Vidalia,22,LA,1140,Concordia,22029,A,23370,LAUCR0001,Louisiana Commission on Law Enforcement LUCR/LIBRS/LEMIS,LA,1960,,2016,,,4168,6,"Cities from 2,500 thru 9,999",L,N,N,12,0,7,,,,2016,30,9,71373,31.469805,-91.626314
7265,LA0290600,LA0290600,Nicholls State University,Nicholls State University,3,University or College,,408,,,22,LA,1155,Lafourche,22057,A,23370,LAUCR0001,Louisiana Commission on Law Enforcement LUCR/LIBRS/LEMIS,LA,1989,,2016,,,0,7,"Cities under 2,500",L,Y,N,12,0,10,,,,2016,9,4,70310,29.491992,-90.394849
7198,LA0150300,LA0150300,Clayton Police Department,Clayton,1,City,,,3776,Clayton,22,LA,1140,Concordia,22029,A,23370,LAUCR0001,Louisiana Commission on Law Enforcement LUCR/LIBRS/LEMIS,LA,1978,,2016,2014,1994,694,7,"Cities under 2,500",L,N,N,0,0,0,7195,LA0150000,Concordia,1978,1,0,71326,31.469805,-91.626314
7368,LA0530500,LA0530500,Independence Police Department,Independence,1,City,,,3824,Independence,22,LA,1178,Tangipahoa,22105,A,23370,LAUCR0001,Louisiana Commission on Law Enforcement LUCR/LIBRS/LEMIS,LA,1998,,2016,,,1693,7,"Cities under 2,500",L,Y,N,12,0,8,,,,2016,8,0,70443,30.621581,-90.406633
7191,LA0130300,LA0130300,Harrisonburg Police Department,Harrisonburg,1,City,,,3818,Harrisonburg,22,LA,1138,Catahoula,22025,A,23370,LAUCR0001,Louisiana Commission on Law Enforcement LUCR/LIBRS/LEMIS,LA,1994,,2016,2014,2015,336,7,"Cities under 2,500",L,N,N,0,0,0,7188,LA0130000,Catahoula,1999,3,0,71340,31.666517,-91.846703
7391,LA0590000,LA0590000,Washington County Sheriff's Office,Washington,2,County,,,,,22,LA,1184,Washington,22117,A,23370,LAUCR0001,Louisiana Commission on Law Enforcement LUCR/LIBRS/LEMIS,LA,1960,,2016,,,30399,8B,"Non-MSA counties from 25,000 thru 99,999",L,N,N,12,0,10,,,,2016,71,13,70438,30.852144,-90.046253
7374,LA0540300,LA0540300,St. Joseph Police Department,St. Joseph,1,City,,,3895,Saint Joseph,22,LA,1179,Tensas,22107,A,23370,LAUCR0001,Louisiana Commission on Law Enforcement LUCR/LIBRS/LEMIS,LA,1995,,2016,,2015,1053,7,"Cities under 2,500",L,N,N,0,0,0,7371,LA0540000,Tensas,2006,3,0,71366,32.001489,-91.342576
7327,LA0430700,LA0430700,Fisher Police Department,Fisher,1,City,,,3798,Fisher,22,LA,1168,Sabine,22085,A,23370,LAUCR0001,Louisiana Commission on Law Enforcement LUCR/LIBRS/LEMIS,LA,2011,,2016,,,228,7,"Cities under 2,500",L,N,N,12,0,4,,,,2016,1,0,71426,31.560209,-93.559228
7162,LA0070100,LA0070100,Arcadia Police Department,Arcadia,1,City,,,3752,Arcadia,22,LA,1132,Bienville,22013,A,23370,LAUCR0001,Louisiana Commission on Law Enforcement LUCR/LIBRS/LEMIS,LA,1960,,2016,2014,2000,2857,6,"Cities from 2,500 thru 9,999",L,N,N,0,0,0,7161,LA0070000,Bienville,1999,7,0,71001,32.340952,-93.041151
7386,LA0570500,LA0570500,Gueydan Police Department,Gueydan,1,City,,,3815,Gueydan,22,LA,1182,Vermilion,22113,A,23370,LAUCR0001,Louisiana Commission on Law Enforcement LUCR/LIBRS/LEMIS,LA,1994,,2016,2014,2007,1401,7,"Cities under 2,500",L,Y,N,0,0,0,7381,LA0570000,Vermilion,1999,4,4,70542,29.786872,-92.29009
7320,LA0420100,LA0420100,Delhi Police Department,Delhi,1,City,,,3785,Delhi,22,LA,1167,Richland,22083,A,23370,LAUCR0001,Louisiana Commission on Law Enforcement LUCR/LIBRS/LEMIS,LA,1960,,2016,,,2941,6,"Cities from 2,500 thru 9,999",L,N,N,0,0,0,,,,2008,5,4,71232,32.413158,-91.748353
7183,LA0100600,LA0100600,Maplewood Police Department,Maplewood,1,City,,,3853,Maplewood,22,LA,1135,Calcasieu,22019,A,23370,LAUCR0001,Louisiana Commission on Law Enforcement LUCR/LIBRS/LEMIS,LA,1960,,2016,2014,2009,0,7,"Cities under 2,500",L,Y,N,0,0,0,7177,LA0100000,Calcasieu,,,,70663,30.229559,-93.358015
7209,LA0180000,LA0180000,East Carroll County Sheriff's Office,East Carroll,2,County,,,,,22,LA,1143,East Carroll,22035,A,23370,LAUCR0001,Louisiana Commission on Law Enforcement LUCR/LIBRS/LEMIS,LA,1960,,2016,2013,,3633,8D,"Non-MSA counties under 10,000",L,N,N,10,10,8,,,,2016,16,30,71254,32.73017,-91.234141
7396,LA0600200,LA0600200,Springhill Police Department,Springhill,1,City,,,3904,Springhill,22,LA,1185,Webster,22119,A,23370,LAUCR0001,Louisiana Commission on Law Enforcement LUCR/LIBRS/LEMIS,LA,1960,,2016,,,5118,6,"Cities from 2,500 thru 9,999",L,Y,N,12,0,8,,,,2016,16,1,71075,32.732152,-93.339825
7403,LA0620000,LA0620000,West Carroll County Sheriff's Office,West Carroll,2,County,,,,,22,LA,1187,West Carroll,22123,A,23370,LAUCR0001,Louisiana Commission on Law Enforcement LUCR/LIBRS/LEMIS,LA,1960,,2016,,,8953,8D,"Non-MSA counties under 10,000",L,N,N,12,0,10,,,,2016,10,11,71263,32.79248,-91.451998
7147,LA0030100,LA0030100,Donaldsonville Police Department,Donaldsonville,1,City,,,3789,Donaldsonville,22,LA,1128,Ascension,22005,A,23370,LAUCR0001,Louisiana Commission on Law Enforcement LUCR/LIBRS/LEMIS,LA,1960,,2016,2014,1993,7684,6,"Cities from 2,500 thru 9,999",L,Y,N,0,0,0,7146,LA0030000,Ascension,1984,17,1,70346,30.202946,-90.910023
7303,LA0370500,LA0370500,Richwood Police Department,Richwood,1,City,,,3889,Richwood,22,LA,1162,Ouachita,22073,A,23370,LAUCR0001,Louisiana Commission on Law Enforcement LUCR/LIBRS/LEMIS,LA,1979,,2016,,,3371,6,"Cities from 2,500 thru 9,999",L,Y,N,0,0,0,,,,2012,10,7,71202,32.477664,-92.154848
7400,LA0610100,LA0610100,Port Allen Police Department,Port Allen,1,City,,,3885,Port Allen,22,LA,1186,West Baton Rouge,22121,A,23370,LAUCR0001,Louisiana Commission on Law Enforcement LUCR/LIBRS/LEMIS,LA,1960,,2016,2013,2016,5129,6,"Cities from 2,500 thru 9,999",L,Y,N,12,12,10,,,,2016,20,1,70767,30.464052,-91.309808
7150,LA0040000,LA0040000,Assumption County Sheriff's Office,Assumption,2,County,,,,,22,LA,1129,Assumption,22007,A,23370,LAUCR0001,Louisiana Commission on Law Enforcement LUCR/LIBRS/LEMIS,LA,1960,,2016,,,22922,8C,"Non-MSA counties from 10,000 thru 24,999",L,N,N,12,0,10,,,,2016,52,28,70390,29.899884,-91.050528
7244,LA0260200,LA0260200,Harahan Police Department,Harahan,1,City,,,3817,Harahan,22,LA,1151,Jefferson,22051,A,23370,LAUCR0001,Louisiana Commission on Law Enforcement LUCR/LIBRS/LEMIS,LA,1960,,2016,,,9347,6,"Cities from 2,500 thru 9,999",L,Y,N,12,0,10,,,,2016,22,3,70123,29.677888,-90.100494
7206,LA0170400,LA0170400,Louisiana State University: Baton Rouge,Louisiana State University: Baton Rouge,3,University or College,,325,,,22,LA,1142,East Baton Rouge,22033,A,23370,LAUCR0001,Louisiana Commission on Law Enforcement LUCR/LIBRS/LEMIS,LA,1978,,2016,,,0,7,"Cities under 2,500",L,Y,N,12,0,10,,,,2016,54,16,70803,30.544002,-91.093174
7154,LA0050200,LA0050200,Marksville Police Department,Marksville,1,City,,,3856,Marksville,22,LA,1130,Avoyelles,22009,A,23370,LAUCR0001,Louisiana Commission on Law Enforcement LUCR/LIBRS/LEMIS,LA,1960,,2016,,,5515,6,"Cities from 2,500 thru 9,999",L,N,N,12,0,8,,,,2016,19,8,71351,31.085094,-91.993797
7190,LA0130200,LA0130200,Sicily Island Police Department,Sicily Island,1,City,,,3899,Sicily Island,22,LA,1138,Catahoula,22025,A,23370,LAUCR0001,Louisiana Commission on Law Enforcement LUCR/LIBRS/LEMIS,LA,1999,,2016,,2015,505,7,"Cities under 2,500",L,N,N,0,0,0,7188,LA0130000,Catahoula,2012,1,0,71368,31.666517,-91.846703
7277,LA0320300,LA0320300,Walker Police Department,Walker,1,City,,,3917,Walker,22,LA,1157,Livingston,22063,A,23370,LAUCR0001,Louisiana Commission on Law Enforcement LUCR/LIBRS/LEMIS,LA,2006,,2016,,,6259,6,"Cities from 2,500 thru 9,999",L,Y,N,12,0,9,,,,2016,20,4,70785,30.440419,-90.727474
7378,LA0560100,LA0560100,Farmerville Police Department,Farmerville,1,City,,,3796,Farmerville,22,LA,1181,Union,22111,A,23370,LAUCR0001,Louisiana Commission on Law Enforcement LUCR/LIBRS/LEMIS,LA,1960,,2016,,,3869,6,"Cities from 2,500 thru 9,999",L,Y,N,12,0,9,,,,2016,9,4,71241,32.829349,-92.37565
7182,LA0100500,LA0100500,Westlake Police Department,Westlake,1,City,,,3922,Westlake,22,LA,1135,Calcasieu,22019,A,23370,LAUCR0001,Louisiana Commission on Law Enforcement LUCR/LIBRS/LEMIS,LA,1960,,2016,2014,2016,4625,6,"Cities from 2,500 thru 9,999",L,Y,N,12,12,6,,,,2016,17,0,70669,30.229559,-93.358015
23492,LA0282000,LA0282000,South Louisiana Community College,South Louisiana Community College,3,University or College,,534,,,22,LA,1154,Lafayette,22055,A,23370,LAUCR0001,Louisiana Commission on Law Enforcement LUCR/LIBRS/LEMIS,LA,2013,,2016,,,0,7,"Cities under 2,500",L,Y,N,0,0,0,,,,,,,,,
23070,LA0390300,LA0390300,Livonia Police Department,Livonia,1,City,,,3844,Livonia,22,LA,1164,Pointe Coupee,22077,A,23370,LAUCR0001,Louisiana Commission on Law Enforcement LUCR/LIBRS/LEMIS,LA,2012,,2016,,,1414,7,"Cities under 2,500",L,Y,N,0,0,2,,,,2015,7,2,70755,30.708319,-91.604621
7365,LA0530200,LA0530200,Kentwood Police Department,Kentwood,1,City,,,3835,Kentwood,22,LA,1178,Tangipahoa,22105,A,23370,LAUCR0001,Louisiana Commission on Law Enforcement LUCR/LIBRS/LEMIS,LA,1960,,2016,,,2337,7,"Cities under 2,500",L,Y,N,12,0,10,,,,2016,10,0,70444,30.621581,-90.406633
7229,LA0230200,LA0230200,Jeanerette Police Department,Jeanerette,1,City,,,3828,Jeanerette,22,LA,1148,Iberia,22045,A,23370,LAUCR0001,Louisiana Commission on Law Enforcement LUCR/LIBRS/LEMIS,LA,1960,,2016,,2015,5531,6,"Cities from 2,500 thru 9,999",L,Y,N,0,0,6,7228,LA0230000,Iberia,2014,7,5,70544,29.606013,-91.842706
7410,LADI00500,LADI00500,Tunica-Biloxi Tribal,Tunica-Biloxi Tribal,7,Tribal,176,,,,22,LA,3425,,,A,23370,LAUCR0001,Louisiana Commission on Law Enforcement LUCR/LIBRS/LEMIS,LA,2006,,2016,,,0,7,"Cities under 2,500",L,N,N,12,0,9,,,,2016,14,2,71351,31.085094,-91.993797
7311,LA0400400,LA0400400,Lecompte Police Department,Lecompte,1,City,,,3842,Lecompte,22,LA,1165,Rapides,22079,A,23370,LAUCR0001,Louisiana Commission on Law Enforcement LUCR/LIBRS/LEMIS,LA,1995,,2016,,2015,1192,7,"Cities under 2,500",L,Y,N,0,0,0,7308,LA0400000,Rapides,2011,4,0,71346,31.193204,-92.535953
7205,LA0170300,LA0170300,Zachary Police Department,Zachary,1,City,,,3931,Zachary,22,LA,1142,East Baton Rouge,22033,A,23370,LAUCR0001,Louisiana Commission on Law Enforcement LUCR/LIBRS/LEMIS,LA,1960,,2016,,,16537,5,"Cities from 10,000 thru 24,999",L,Y,N,12,0,10,,,,2016,41,2,70791,30.544002,-91.093174
7212,LA0190100,LA0190100,Clinton Police Department,Clinton,1,City,,,3777,Clinton,22,LA,1144,East Feliciana,22037,A,23370,LAUCR0001,Louisiana Commission on Law Enforcement LUCR/LIBRS/LEMIS,LA,1994,,2016,,,1576,7,"Cities under 2,500",L,Y,N,12,0,10,,,,2016,7,2,70722,30.839784,-91.043434
7313,LA0400600,LA0400600,Glenmora Police Department,Glenmora,1,City,,,3806,Glenmora,22,LA,1165,Rapides,22079,A,23370,LAUCR0001,Louisiana Commission on Law Enforcement LUCR/LIBRS/LEMIS,LA,1995,,2016,,2015,1324,7,"Cities under 2,500",L,Y,N,0,0,2,7308,LA0400000,Rapides,2012,1,0,71433,31.193204,-92.535953
7186,LA0110000,LA0110000,Caldwell County Sheriff's Office,Caldwell,2,County,,,,,22,LA,1136,Caldwell,22021,A,23370,LAUCR0001,Louisiana Commission on Law Enforcement LUCR/LIBRS/LEMIS,LA,1960,,2016,,,9822,8D,"Non-MSA counties under 10,000",L,N,N,12,0,10,,,,2016,30,0,71418,32.101219,-92.114231
7142,LA0020000,LA0020000,Allen County Sheriff's Office,Allen,2,County,,,,,22,LA,1127,Allen,22003,A,23370,LAUCR0001,Louisiana Commission on Law Enforcement LUCR/LIBRS/LEMIS,LA,1960,,2016,,,15514,8C,"Non-MSA counties from 10,000 thru 24,999",L,N,N,12,0,9,,,,2016,26,38,70655,30.652744,-92.819605
7230,LA0230300,LA0230300,New Iberia Police Department,New Iberia,1,City,,,3865,New Iberia,22,LA,1148,Iberia,22045,A,23370,LAUCR0001,Louisiana Commission on Law Enforcement LUCR/LIBRS/LEMIS,LA,1960,,2016,2014,2006,30774,4,"Cities from 25,000 thru 49,999",L,Y,N,0,0,0,7228,LA0230000,Iberia,2003,67,16,70560,29.606013,-91.842706
7177,LA0100000,LA0100000,Calcasieu County Sheriff's Office,Calcasieu,2,County,,,,,22,LA,1135,Calcasieu,22019,A,23370,LAUCR0001,Louisiana Commission on Law Enforcement LUCR/LIBRS/LEMIS,LA,1960,,2016,2013,2016,87879,9B,"MSA counties from 25,000 thru 99,999",L,Y,N,12,12,9,,,,2016,648,232,70602,30.229559,-93.358015
7226,LA0220400,LA0220400,Georgetown Police Department,Georgetown,1,City,,,3804,Georgetown,22,LA,1147,Grant,22043,A,23370,LAUCR0001,Louisiana Commission on Law Enforcement LUCR/LIBRS/LEMIS,LA,2009,,2016,,,327,7,"Cities under 2,500",L,Y,N,12,0,7,,,,2012,3,1,71432,31.597787,-92.561716
7380,LA0560400,LA0560400,Marion Police Department,Marion,1,City,,,3855,Marion,22,LA,1181,Union,22111,A,23370,LAUCR0001,Louisiana Commission on Law Enforcement LUCR/LIBRS/LEMIS,LA,2006,,2016,,,755,7,"Cities under 2,500",L,Y,N,12,0,9,,,,2016,1,0,71260,32.829349,-92.37565
7309,LA0400100,LA0400100,Alexandria Police Department,Alexandria,1,City,,,3750,Alexandria,22,LA,1165,Rapides,22079,A,23370,LAUCR0001,Louisiana Commission on Law Enforcement LUCR/LIBRS/LEMIS,LA,1960,,2016,,,48305,4,"Cities from 25,000 thru 49,999",L,N,Y,12,0,9,,,,2016,157,33,71301,31.193204,-92.535953
7259,LA0280600,LA0280600,Scott Police Department,Scott,1,City,,,3897,Scott,22,LA,1154,Lafayette,22055,A,23370,LAUCR0001,Louisiana Commission on Law Enforcement LUCR/LIBRS/LEMIS,LA,1994,,2016,,,8975,6,"Cities from 2,500 thru 9,999",L,Y,N,12,0,7,,,,2016,24,1,70583,30.206507,-92.06417
7322,LA0420300,LA0420300,Mangham Police Department,Mangham,1,City,,,3850,Mangham,22,LA,1167,Richland,22083,A,23370,LAUCR0001,Louisiana Commission on Law Enforcement LUCR/LIBRS/LEMIS,LA,1975,,2016,2014,2012,652,7,"Cities under 2,500",L,N,N,0,0,0,7319,LA0420000,Richland,1999,2,0,71259,32.413158,-91.748353
7235,LA0240300,LA0240300,White Castle Police Department,White Castle,1,City,,,3924,White Castle,22,LA,1149,Iberville,22047,A,23370,LAUCR0001,Louisiana Commission on Law Enforcement LUCR/LIBRS/LEMIS,LA,1994,,2016,,,1850,7,"Cities under 2,500",L,Y,N,12,0,3,,,,2016,15,2,70788,30.288394,-91.36315
7171,LA0090000,LA0090000,Caddo County Sheriff's Office,Caddo,2,County,,,,,22,LA,1134,Caddo,22017,A,23370,LAUCR0001,Louisiana Commission on Law Enforcement LUCR/LIBRS/LEMIS,LA,1960,,2016,2013,2016,49229,9B,"MSA counties from 25,000 thru 99,999",L,Y,N,12,12,10,,,,2016,418,266,71101,32.577195,-93.882423
7155,LA0050300,LA0050300,Simmesport Police Department,Simmesport,1,City,,,3900,Simmesport,22,LA,1130,Avoyelles,22009,A,23370,LAUCR0001,Louisiana Commission on Law Enforcement LUCR/LIBRS/LEMIS,LA,1978,,2016,,,2107,7,"Cities under 2,500",L,N,N,0,0,0,,,,2011,5,0,71369,31.085094,-91.993797
7290,LA0350400,LA0350400,Clarence Police Department,Clarence,1,City,,,3775,Clarence,22,LA,1160,Natchitoches,22069,A,23370,LAUCR0001,Louisiana Commission on Law Enforcement LUCR/LIBRS/LEMIS,LA,2007,,2016,,,487,7,"Cities under 2,500",L,N,N,12,0,9,,,,2016,1,1,71414,31.734982,-93.086106
7339,LA0490400,LA0490400,Sunset Police Department,Sunset,1,City,,,3908,Sunset,22,LA,1174,St Landry,22097,A,23370,LAUCR0001,Louisiana Commission on Law Enforcement LUCR/LIBRS/LEMIS,LA,1995,,2016,,,2934,6,"Cities from 2,500 thru 9,999",L,N,N,0,0,0,,,,2011,8,5,70584,30.583441,-91.989274
7294,LA0360300,LA0360300,University of New Orleans,University of New Orleans,3,University or College,,783,,,22,LA,1161,Orleans,22071,A,23370,LAUCR0001,Louisiana Commission on Law Enforcement LUCR/LIBRS/LEMIS,LA,1996,,2016,,,0,7,"Cities under 2,500",L,Y,N,12,0,10,,,,2016,19,1,70148,30.067468,-89.927212
7238,LA0240600,LA0240600,St. Gabriel Police Department,St. Gabriel,1,City,,,3894,Saint Gabriel,22,LA,1149,Iberville,22047,A,23370,LAUCR0001,Louisiana Commission on Law Enforcement LUCR/LIBRS/LEMIS,LA,1998,,2016,,,7075,6,"Cities from 2,500 thru 9,999",L,Y,N,12,0,6,,,,2016,12,7,70776,30.288394,-91.36315
7347,LA0500200,LA0500200,St. Martinville Police Department,St. Martinville,1,City,,,3896,Saint Martinville,22,LA,1175,St Martin,22099,A,23370,LAUCR0001,Louisiana Commission on Law Enforcement LUCR/LIBRS/LEMIS,LA,1960,,2016,,2015,6086,6,"Cities from 2,500 thru 9,999",L,Y,N,0,0,5,7345,LA0500000,St. Martin,2008,15,5,70582,30.121433,-91.611481
7141,LA0010800,LA0010800,Louisiana State University: Eunice,Louisiana State University: Eunice,3,University or College,,326,,,22,LA,1126,Acadia,22001,A,23370,LAUCR0001,Louisiana Commission on Law Enforcement LUCR/LIBRS/LEMIS,LA,1975,2000,2016,2014,,0,7,"Cities under 2,500",L,Y,N,0,0,0,7344,LA0491300,Louisiana State University: Eunice,1997,0,2,70535,30.291497,-92.411037
7194,LA0140200,LA0140200,Homer Police Department,Homer,1,City,,,3822,Homer,22,LA,1139,Claiborne,22027,A,23370,LAUCR0001,Louisiana Commission on Law Enforcement LUCR/LIBRS/LEMIS,LA,1960,,2016,,2015,2991,6,"Cities from 2,500 thru 9,999",L,N,N,0,0,3,7192,LA0140000,Claiborne,2011,9,1,71040,32.827043,-92.989767
7184,LA0100700,LA0100700,Iowa Police Department,Iowa,1,City,,,3826,Iowa,22,LA,1135,Calcasieu,22019,A,23370,LAUCR0001,Louisiana Commission on Law Enforcement LUCR/LIBRS/LEMIS,LA,1993,,2016,,,3220,6,"Cities from 2,500 thru 9,999",L,Y,N,12,0,9,,,,2016,13,4,70647,30.229559,-93.358015
7367,LA0530400,LA0530400,Amite Police Department,Amite,1,City,,,3751,Amite,22,LA,1178,Tangipahoa,22105,A,23370,LAUCR0001,Louisiana Commission on Law Enforcement LUCR/LIBRS/LEMIS,LA,1960,,2016,,,4371,6,"Cities from 2,500 thru 9,999",L,Y,N,0,0,5,,,,2015,27,0,70422,30.621581,-90.406633
7156,LA0050400,LA0050400,Cottonport Police Department,Cottonport,1,City,,,3779,Cottonport,22,LA,1130,Avoyelles,22009,A,23370,LAUCR0001,Louisiana Commission on Law Enforcement LUCR/LIBRS/LEMIS,LA,1997,,2016,,,1943,7,"Cities under 2,500",L,N,N,12,0,4,,,,2015,4,1,71327,31.085094,-91.993797
25274,LA0460100,LA0460100,Greensburg Police Department,Greensburg,1,City,,,12038,Greensburg,22,LA,1171,St Helena,22091,A,23370,LAUCR0001,Louisiana Commission on Law Enforcement LUCR/LIBRS/LEMIS,LA,2013,,2016,2014,2015,681,7,"Cities under 2,500",L,Y,N,0,0,0,7330,LA0460000,St. Helena,,,,70441,30.821423,-90.70935
7266,LA0300000,LA0300000,La Salle County Sheriff's Office,La Salle,2,County,,,,,22,LA,1153,La Salle,22059,A,23370,LAUCR0001,Louisiana Commission on Law Enforcement LUCR/LIBRS/LEMIS,LA,1960,,2016,,,10046,8C,"Non-MSA counties from 10,000 thru 24,999",L,N,N,12,0,10,,,,2016,30,105,71342,31.680083,-92.161596
7330,LA0460000,LA0460000,St. Helena County Sheriff's Office,St. Helena,2,County,,,,,22,LA,1171,St Helena,22091,A,23370,LAUCR0001,Louisiana Commission on Law Enforcement LUCR/LIBRS/LEMIS,LA,1960,,2016,2014,2016,10222,9C,"MSA counties from 10,000 thru 24,999",L,Y,N,12,12,10,,,,2016,31,14,70441,30.821423,-90.70935
7281,LA0330000,LA0330000,Madison County Sheriff's Office,Madison,2,County,,,,,22,LA,1158,Madison,22065,A,23370,LAUCR0001,Louisiana Commission on Law Enforcement LUCR/LIBRS/LEMIS,LA,1960,,2016,2013,2016,4620,8D,"Non-MSA counties under 10,000",L,N,N,12,12,10,,,,2016,34,0,71282,32.365824,-91.240729
7189,LA0130100,LA0130100,Jonesville Police Department,Jonesville,1,City,,,3832,Jonesville,22,LA,1138,Catahoula,22025,A,23370,LAUCR0001,Louisiana Commission on Law Enforcement LUCR/LIBRS/LEMIS,LA,1976,,2016,2014,2015,2170,7,"Cities under 2,500",L,N,N,0,0,3,7188,LA0130000,Catahoula,2014,8,5,71343,31.666517,-91.846703
7136,LA0010000,LA0010000,Acadia County Sheriff's Office,Acadia,2,County,,,,,22,LA,1126,Acadia,22001,A,23370,LAUCR0001,Louisiana Commission on Law Enforcement LUCR/LIBRS/LEMIS,LA,1960,,2016,,,36344,9B,"MSA counties from 25,000 thru 99,999",L,Y,N,12,0,7,,,,2016,68,33,70527,30.291497,-92.411037
7298,LA0370000,LA0370000,Ouachita County Sheriff's Office,Ouachita,2,County,,,,,22,LA,1162,Ouachita,22073,A,23370,LAUCR0001,Louisiana Commission on Law Enforcement LUCR/LIBRS/LEMIS,LA,1960,,2016,,,88304,9B,"MSA counties from 25,000 thru 99,999",L,Y,N,12,0,10,,,,2016,401,0,71201,32.477664,-92.154848
23225,LA0530700,LA0530700,Tangipahoa Police Department,Tangipahoa,1,City,,,3910,Tangipahoa,22,LA,1178,Tangipahoa,22105,A,23370,LAUCR0001,Louisiana Commission on Law Enforcement LUCR/LIBRS/LEMIS,LA,2013,,2016,,2015,806,7,"Cities under 2,500",L,Y,N,0,0,0,7363,LA0530000,Tangipahoa,,,,70465,30.621581,-90.406633
7252,LA0270400,LA0270400,Welsh Police Department,Welsh,1,City,,,3920,Welsh,22,LA,1152,Jefferson Davis,22053,A,23370,LAUCR0001,Louisiana Commission on Law Enforcement LUCR/LIBRS/LEMIS,LA,1960,,2016,,,3237,6,"Cities from 2,500 thru 9,999",L,N,N,12,0,1,,,,2016,18,2,70591,30.269529,-92.816221
7377,LA0560000,LA0560000,Union County Sheriff's Office,Union,2,County,,,,,22,LA,1181,Union,22111,A,23370,LAUCR0001,Louisiana Commission on Law Enforcement LUCR/LIBRS/LEMIS,LA,1960,,2016,,,16166,9C,"MSA counties from 10,000 thru 24,999",L,Y,N,12,0,7,,,,2016,35,15,71241,32.829349,-92.37565
7335,LA0490000,LA0490000,St. Landry County Sheriff's Office,St. Landry,2,County,,,,,22,LA,1174,St Landry,22097,A,23370,LAUCR0001,Louisiana Commission on Law Enforcement LUCR/LIBRS/LEMIS,LA,1960,,2016,,,53062,8B,"Non-MSA counties from 25,000 thru 99,999",L,N,N,12,0,10,,,,2016,147,53,70571,30.583441,-91.989274
7138,LA0010200,LA0010200,Rayne Police Department,Rayne,1,City,,,3887,Rayne,22,LA,1126,Acadia,22001,A,23370,LAUCR0001,Louisiana Commission on Law Enforcement LUCR/LIBRS/LEMIS,LA,1960,,2016,,,8063,6,"Cities from 2,500 thru 9,999",L,Y,N,12,0,6,,,,2016,21,3,70578,30.291497,-92.411037
7255,LA0280200,LA0280200,Carencro Police Department,Carencro,1,City,,,3772,Carencro,22,LA,1154,Lafayette,22055,A,23370,LAUCR0001,Louisiana Commission on Law Enforcement LUCR/LIBRS/LEMIS,LA,2009,,2016,,,8653,6,"Cities from 2,500 thru 9,999",L,Y,N,12,0,7,,,,2016,24,2,70520,30.206507,-92.06417
22639,LA0320800,LA0320800,Killian Police Department,Killian,1,City,,,3903,Springfield,22,LA,1157,Livingston,22063,A,23370,LAUCR0001,Louisiana Commission on Law Enforcement LUCR/LIBRS/LEMIS,LA,2012,,2016,,,1310,7,"Cities under 2,500",L,Y,N,12,0,4,,,,2016,3,1,70462,30.440419,-90.727474
7148,LA0030200,LA0030200,Gonzales Police Department,Gonzales,1,City,,,3808,Gonzales,22,LA,1128,Ascension,22005,A,23370,LAUCR0001,Louisiana Commission on Law Enforcement LUCR/LIBRS/LEMIS,LA,1960,,2016,2013,2016,10624,5,"Cities from 10,000 thru 24,999",L,Y,N,12,12,10,,,,2016,41,5,70737,30.202946,-90.910023
7279,LA0320600,LA0320600,Port Vincent Police Department,Port Vincent,1,City,,,3786,Denham Springs,22,LA,1157,Livingston,22063,A,23370,LAUCR0001,Louisiana Commission on Law Enforcement LUCR/LIBRS/LEMIS,LA,1998,,2016,,,736,7,"Cities under 2,500",L,Y,N,12,0,9,,,,2016,3,0,70726,30.440419,-90.727474
7326,LA0430500,LA0430500,Florien Police Department,Florien,1,City,,,3799,Florien,22,LA,1168,Sabine,22085,A,23370,LAUCR0001,Louisiana Commission on Law Enforcement LUCR/LIBRS/LEMIS,LA,2011,,2016,,,630,7,"Cities under 2,500",L,N,N,12,0,6,,,,2016,3,0,71429,31.560209,-93.559228
7392,LA0590100,LA0590100,Bogalusa Police Department,Bogalusa,1,City,,,3765,Bogalusa,22,LA,1184,Washington,22117,A,23370,LAUCR0001,Louisiana Commission on Law Enforcement LUCR/LIBRS/LEMIS,LA,1960,,2016,,,11859,5,"Cities from 10,000 thru 24,999",L,N,N,12,0,10,,,,2016,34,17,70427,30.852144,-90.046253
7357,LA0520100,LA0520100,Covington Police Department,Covington,1,City,,,3781,Covington,22,LA,1177,St Tammany,22103,A,23370,LAUCR0001,Louisiana Commission on Law Enforcement LUCR/LIBRS/LEMIS,LA,1960,,2016,,,9922,6,"Cities from 2,500 thru 9,999",L,Y,N,12,0,10,,,,2016,36,8,70434,30.410022,-89.951962
7203,LA0170100,LA0170100,Baker Police Department,Baker,1,City,,,3754,Baker,22,LA,1142,East Baton Rouge,22033,A,23370,LAUCR0001,Louisiana Commission on Law Enforcement LUCR/LIBRS/LEMIS,LA,1960,,2016,2013,,13745,5,"Cities from 10,000 thru 24,999",L,Y,N,9,9,9,,,,2016,24,4,70714,30.544002,-91.093174
7319,LA0420000,LA0420000,Richland County Sheriff's Office,Richland,2,County,,,,,22,LA,1167,Richland,22083,A,23370,LAUCR0001,Louisiana Commission on Law Enforcement LUCR/LIBRS/LEMIS,LA,1960,,2016,,,14040,8C,"Non-MSA counties from 10,000 thru 24,999",L,N,N,12,0,9,,,,2016,117,16,71269,32.413158,-91.748353
7351,LA0510200,LA0510200,Franklin Police Department,Franklin,1,City,,,3801,Franklin,22,LA,1176,St Mary,22101,A,23370,LAUCR0001,Louisiana Commission on Law Enforcement LUCR/LIBRS/LEMIS,LA,1960,,2016,,,7301,6,"Cities from 2,500 thru 9,999",L,N,N,12,0,10,,,,2015,16,3,70538,29.629349,-91.463804
7316,LA0401300,LA0401300,McNary Police Department,McNary,1,City,,,3806,Glenmora,22,LA,1165,Rapides,22079,A,23370,LAUCR0001,Louisiana Commission on Law Enforcement LUCR/LIBRS/LEMIS,LA,2001,,2016,,2015,204,7,"Cities under 2,500",L,Y,N,0,0,0,7308,LA0400000,Rapides,2010,1,1,71433,31.193204,-92.535953
7260,LA0280700,LA0280700,University of Louisiana: Lafayette,University of Louisiana: Lafayette,3,University or College,,743,,,22,LA,1154,Lafayette,22055,A,23370,LAUCR0001,Louisiana Commission on Law Enforcement LUCR/LIBRS/LEMIS,LA,1995,,2016,,,0,7,"Cities under 2,500",L,Y,N,12,0,9,,,,2011,24,2,70504,30.206507,-92.06417
7217,LA0200100,LA0200100,Basile Police Department,Basile,1,City,,,3757,Basile,22,LA,1145,Evangeline,22039,A,23370,LAUCR0001,Louisiana Commission on Law Enforcement LUCR/LIBRS/LEMIS,LA,1999,,2016,2013,,1809,7,"Cities under 2,500",L,N,N,8,8,8,,,,2016,7,6,70515,30.720693,-92.404086
7345,LA0500000,LA0500000,St. Martin County Sheriff's Office,St. Martin,2,County,,,,,22,LA,1175,St Martin,22099,A,23370,LAUCR0001,Louisiana Commission on Law Enforcement LUCR/LIBRS/LEMIS,LA,1960,,2016,,,45052,9B,"MSA counties from 25,000 thru 99,999",L,Y,N,12,0,10,,,,2016,113,69,70582,30.121433,-91.611481
7180,LA0100300,LA0100300,Sulphur Police Department,Sulphur,1,City,,,3907,Sulphur,22,LA,1135,Calcasieu,22019,A,23370,LAUCR0001,Louisiana Commission on Law Enforcement LUCR/LIBRS/LEMIS,LA,1960,,2016,,,20150,5,"Cities from 10,000 thru 24,999",L,Y,N,12,0,10,,,,2016,41,21,70664,30.229559,-93.358015
7362,LA0520700,LA0520700,Folsom Police Department,Folsom,1,City,,,3800,Folsom,22,LA,1177,St Tammany,22103,A,23370,LAUCR0001,Louisiana Commission on Law Enforcement LUCR/LIBRS/LEMIS,LA,1999,,2016,,,765,7,"Cities under 2,500",L,Y,N,12,0,8,,,,2016,4,0,70437,30.410022,-89.951962
7179,LA0100200,LA0100200,Lake Charles Police Department,Lake Charles,1,City,,,3840,Lake Charles,22,LA,1135,Calcasieu,22019,A,23370,LAUCR0001,Louisiana Commission on Law Enforcement LUCR/LIBRS/LEMIS,LA,1960,,2016,,,75564,3,"Cities from 50,000 thru 99,000",L,N,Y,12,0,7,,,,2016,183,3,70602,30.229559,-93.358015
7140,LA0010400,LA0010400,Iota Police Department,Iota,1,City,,,3825,Iota,22,LA,1126,Acadia,22001,A,23370,LAUCR0001,Louisiana Commission on Law Enforcement LUCR/LIBRS/LEMIS,LA,1994,,2016,,2015,1481,7,"Cities under 2,500",L,Y,N,0,0,0,7136,LA0010000,Acadia,2003,4,0,70543,30.291497,-92.411037
7389,LA0580200,LA0580200,New Llano Police Department,New Llano,1,City,,,3866,New Llano,22,LA,1183,Vernon,22115,A,23370,LAUCR0001,Louisiana Commission on Law Enforcement LUCR/LIBRS/LEMIS,LA,1995,,2016,,,2529,6,"Cities from 2,500 thru 9,999",L,N,N,0,0,0,,,,2008,8,6,71461,31.110563,-93.18152
7349,LA0510000,LA0510000,St. Mary County Sheriff's Office,St. Mary,2,County,,,,,22,LA,1176,St Mary,22101,A,23370,LAUCR0001,Louisiana Commission on Law Enforcement LUCR/LIBRS/LEMIS,LA,1960,,2016,,,20378,8C,"Non-MSA counties from 10,000 thru 24,999",L,N,N,12,0,9,,,,2016,102,0,70538,29.629349,-91.463804
7360,LA0520500,LA0520500,Pearl River Police Department,Pearl River,1,City,,,3880,Pearl River,22,LA,1177,St Tammany,22103,A,23370,LAUCR0001,Louisiana Commission on Law Enforcement LUCR/LIBRS/LEMIS,LA,1997,,2016,,,2485,7,"Cities under 2,500",L,Y,N,12,0,10,,,,2016,12,5,70452,30.410022,-89.951962
7282,LA0330100,LA0330100,Tallulah Police Department,Tallulah,1,City,,,3909,Tallulah,22,LA,1158,Madison,22065,A,23370,LAUCR0001,Louisiana Commission on Law Enforcement LUCR/LIBRS/LEMIS,LA,1960,,2016,2014,,7144,6,"Cities from 2,500 thru 9,999",L,N,N,5,5,8,,,,2016,14,0,71282,32.365824,-91.240729
7178,LA0100100,LA0100100,De Quincy Police Department,De Quincy,1,City,,,3787,Dequincy,22,LA,1135,Calcasieu,22019,A,23370,LAUCR0001,Louisiana Commission on Law Enforcement LUCR/LIBRS/LEMIS,LA,1960,,2016,2013,2016,3160,6,"Cities from 2,500 thru 9,999",L,Y,N,12,12,8,,,,2016,12,0,70633,30.229559,-93.358015
23280,LA036219E,LA036219E,Dillard University,Dillard University,3,University or College,,166,,,22,LA,1161,Orleans,22071,A,23370,LAUCR0001,Louisiana Commission on Law Enforcement LUCR/LIBRS/LEMIS,LA,2013,,2016,2014,,0,7,"Cities under 2,500",L,Y,N,12,0,3,,,,,,,,,
7215,LA0190500,LA0190500,Norwood Police Department,Norwood,1,City,,,3870,Norwood,22,LA,1144,East Feliciana,22037,A,23370,LAUCR0001,Louisiana Commission on Law Enforcement LUCR/LIBRS/LEMIS,LA,2001,,2016,,,314,7,"Cities under 2,500",L,Y,N,12,0,7,,,,2003,1,1,70761,30.839784,-91.043434
7287,LA0340500,LA0340500,Oak Ridge Police Department,Oak Ridge,1,City,,,3872,Oak Ridge,22,LA,1159,Morehouse,22067,A,23370,LAUCR0001,Louisiana Commission on Law Enforcement LUCR/LIBRS/LEMIS,LA,1975,,2016,2014,,134,7,"Cities under 2,500",L,N,N,0,0,0,7283,LA0340000,Morehouse,1996,1,0,71264,32.820008,-91.800399
7278,LA0320500,LA0320500,Springfield Police Department,Springfield,1,City,,,3903,Springfield,22,LA,1157,Livingston,22063,A,23370,LAUCR0001,Louisiana Commission on Law Enforcement LUCR/LIBRS/LEMIS,LA,2011,,2016,,,494,7,"Cities under 2,500",L,Y,N,0,0,1,,,,2012,6,0,70462,30.440419,-90.727474
7314,LA0400700,LA0400700,Woodworth Police Department,Woodworth,1,City,,,3929,Woodworth,22,LA,1165,Rapides,22079,A,23370,LAUCR0001,Louisiana Commission on Law Enforcement LUCR/LIBRS/LEMIS,LA,1986,,2016,,,1087,7,"Cities under 2,500",L,Y,N,0,0,0,,,,2009,5,2,71485,31.193204,-92.535953
7274,LA0310700,LA0310700,Louisiana Tech University,Louisiana Tech University,3,University or College,,330,,,22,LA,1156,Lincoln,22061,A,23370,LAUCR0001,Louisiana Commission on Law Enforcement LUCR/LIBRS/LEMIS,LA,1984,,2016,,,0,7,"Cities under 2,500",L,N,N,12,0,9,,,,2011,16,1,71272,32.601823,-92.662303
7293,LA0360200,LA0360200,Delgado Community College,Delgado Community College,3,University or College,,161,,,22,LA,1161,Orleans,22071,A,23370,LAUCR0001,Louisiana Commission on Law Enforcement LUCR/LIBRS/LEMIS,LA,1999,,2016,,,0,7,"Cities under 2,500",L,Y,N,12,0,10,,,,2014,26,12,70119,30.067468,-89.927212
7192,LA0140000,LA0140000,Claiborne County Sheriff's Office,Claiborne,2,County,,,,,22,LA,1139,Claiborne,22027,A,23370,LAUCR0001,Louisiana Commission on Law Enforcement LUCR/LIBRS/LEMIS,LA,1960,,2016,2014,2016,14044,8C,"Non-MSA counties from 10,000 thru 24,999",L,N,N,12,12,9,,,,2016,41,51,71040,32.827043,-92.989767
7269,LA0310000,LA0310000,Lincoln County Sheriff's Office,Lincoln,2,County,,,,,22,LA,1156,Lincoln,22061,A,23370,LAUCR0001,Louisiana Commission on Law Enforcement LUCR/LIBRS/LEMIS,LA,1960,,2016,,,25354,8B,"Non-MSA counties from 25,000 thru 99,999",L,N,N,12,0,9,,,,2016,60,16,71270,32.601823,-92.662303
25272,LA0530600,LA0530600,Roseland Police Department,Roseland,1,City,,,12041,Roseland,22,LA,1178,Tangipahoa,22105,A,23370,LAUCR0001,Louisiana Commission on Law Enforcement LUCR/LIBRS/LEMIS,LA,2013,,2016,2014,2015,1201,7,"Cities under 2,500",L,Y,N,0,0,1,7363,LA0530000,Tangipahoa,,,,70456,30.621581,-90.406633
7406,LA0630000,LA0630000,West Feliciana County Sheriff's Office,West Feliciana,2,County,,,,,22,LA,1188,West Feliciana,22125,A,23370,LAUCR0001,Louisiana Commission on Law Enforcement LUCR/LIBRS/LEMIS,LA,1960,,2016,2013,,13626,9C,"MSA counties from 10,000 thru 24,999",L,Y,N,12,0,10,,,,2016,69,0,70775,30.872701,-91.421008
7308,LA0400000,LA0400000,Rapides County Sheriff's Office,Rapides,2,County,,,,,22,LA,1165,Rapides,22079,A,23370,LAUCR0001,Louisiana Commission on Law Enforcement LUCR/LIBRS/LEMIS,LA,1960,,2016,2013,2016,64673,9B,"MSA counties from 25,000 thru 99,999",L,Y,N,12,12,10,,,,2016,414,94,71309,31.193204,-92.535953
7402,LA0610300,LA0610300,Addis Police Department,Addis,1,City,,,3749,Addis,22,LA,1186,West Baton Rouge,22121,A,23370,LAUCR0001,Louisiana Commission on Law Enforcement LUCR/LIBRS/LEMIS,LA,1995,,2016,,,4655,6,"Cities from 2,500 thru 9,999",L,Y,N,12,0,10,,,,2016,11,1,70710,30.464052,-91.309808
7289,LA0350100,LA0350100,Natchitoches Police Department,Natchitoches,1,City,,,3864,Natchitoches,22,LA,1160,Natchitoches,22069,A,23370,LAUCR0001,Louisiana Commission on Law Enforcement LUCR/LIBRS/LEMIS,LA,1960,,2016,,,18350,5,"Cities from 10,000 thru 24,999",L,N,N,12,0,9,,,,2016,55,12,71457,31.734982,-93.086106
7241,LA0250400,LA0250400,Hodge Police Department,Hodge,1,City,,,3821,Hodge,22,LA,1150,Jackson,22049,A,23370,LAUCR0001,Louisiana Commission on Law Enforcement LUCR/LIBRS/LEMIS,LA,2006,,2016,,,454,7,"Cities under 2,500",L,N,N,12,0,5,,,,2014,6,1,71247,32.30448,-92.556672
7315,LA0401000,LA0401000,Ball Police Department,Ball,1,City,,,3756,Ball,22,LA,1165,Rapides,22079,A,23370,LAUCR0001,Louisiana Commission on Law Enforcement LUCR/LIBRS/LEMIS,LA,1978,,2016,,,4014,6,"Cities from 2,500 thru 9,999",L,Y,N,12,0,3,,,,2016,7,2,71405,31.193204,-92.535953
7174,LA0090300,LA0090300,Oil City Police Department,Oil City,1,City,,,3875,Oil City,22,LA,1134,Caddo,22017,A,23370,LAUCR0001,Louisiana Commission on Law Enforcement LUCR/LIBRS/LEMIS,LA,2006,,2016,,,999,7,"Cities under 2,500",L,Y,N,12,0,10,,,,2014,4,0,71061,32.577195,-93.882423
7232,LA0240000,LA0240000,Iberville County Sheriff's Office,Iberville,2,County,,,,,22,LA,1149,Iberville,22047,A,23370,LAUCR0001,Louisiana Commission on Law Enforcement LUCR/LIBRS/LEMIS,LA,1960,,2016,,,17413,9C,"MSA counties from 10,000 thru 24,999",L,Y,N,12,0,8,,,,2016,95,50,70765,30.288394,-91.36315
7409,LA0640100,LA0640100,Winnfield Police Department,Winnfield,1,City,,,3926,Winnfield,22,LA,1189,Winn,22127,A,23370,LAUCR0001,Louisiana Commission on Law Enforcement LUCR/LIBRS/LEMIS,LA,1960,,2016,,,4580,6,"Cities from 2,500 thru 9,999",L,N,N,12,0,9,,,,2014,14,8,71483,31.941187,-92.641269
7210,LA0180100,LA0180100,Lake Providence Police Department,Lake Providence,1,City,,,3841,Lake Providence,22,LA,1143,East Carroll,22035,A,23370,LAUCR0001,Louisiana Commission on Law Enforcement LUCR/LIBRS/LEMIS,LA,1960,,2016,,,3783,6,"Cities from 2,500 thru 9,999",L,N,N,12,0,9,,,,2016,6,5,71254,32.73017,-91.234141
7395,LA0600100,LA0600100,Minden Police Department,Minden,1,City,,,3858,Minden,22,LA,1185,Webster,22119,A,23370,LAUCR0001,Louisiana Commission on Law Enforcement LUCR/LIBRS/LEMIS,LA,1960,,2016,,,12741,5,"Cities from 10,000 thru 24,999",L,Y,N,12,0,8,,,,2011,35,0,71055,32.732152,-93.339825
7137,LA0010100,LA0010100,Crowley Police Department,Crowley,1,City,,,3782,Crowley,22,LA,1126,Acadia,22001,A,23370,LAUCR0001,Louisiana Commission on Law Enforcement LUCR/LIBRS/LEMIS,LA,1960,,2016,,,13169,5,"Cities from 10,000 thru 24,999",L,Y,N,12,0,7,,,,2016,37,2,70526,30.291497,-92.411037
7299,LA0370100,LA0370100,Monroe Police Department,Monroe,1,City,,,3859,Monroe,22,LA,1162,Ouachita,22073,A,23370,LAUCR0001,Louisiana Commission on Law Enforcement LUCR/LIBRS/LEMIS,LA,1960,,2016,,,49703,4,"Cities from 25,000 thru 49,999",L,N,Y,12,0,10,,,,2016,137,43,71210,32.477664,-92.154848
7181,LA0100400,LA0100400,Vinton Police Department,Vinton,1,City,,,3915,Vinton,22,LA,1135,Calcasieu,22019,A,23370,LAUCR0001,Louisiana Commission on Law Enforcement LUCR/LIBRS/LEMIS,LA,1960,,2016,2013,,3353,6,"Cities from 2,500 thru 9,999",L,Y,N,12,0,10,,,,2016,11,2,70668,30.229559,-93.358015
7387,LA0580000,LA0580000,Vernon County Sheriff's Office,Vernon,2,County,,,,,22,LA,1183,Vernon,22115,A,23370,LAUCR0001,Louisiana Commission on Law Enforcement LUCR/LIBRS/LEMIS,LA,1960,,2016,,,42370,8B,"Non-MSA counties from 25,000 thru 99,999",L,N,N,12,0,10,,,,2016,62,102,71496,31.110563,-93.18152
7161,LA0070000,LA0070000,Bienville County Sheriff's Office,Bienville,2,County,,,,,22,LA,1132,Bienville,22013,A,23370,LAUCR0001,Louisiana Commission on Law Enforcement LUCR/LIBRS/LEMIS,LA,1960,,2016,,,12325,8C,"Non-MSA counties from 10,000 thru 24,999",L,N,N,12,0,10,,,,2016,42,28,71001,32.340952,-93.041151
7411,LADI00600,LADI00600,Coushatta Tribal,Coushatta Tribal,7,Tribal,31,,,,22,LA,3425,,,A,23370,LAUCR0001,Louisiana Commission on Law Enforcement LUCR/LIBRS/LEMIS,LA,2006,,2016,,,0,7,"Cities under 2,500",L,N,N,12,0,10,,,,2016,24,1,70532,30.269529,-92.816221
7216,LA0200000,LA0200000,Evangeline County Sheriff's Office,Evangeline,2,County,,,,,22,LA,1145,Evangeline,22039,A,23370,LAUCR0001,Louisiana Commission on Law Enforcement LUCR/LIBRS/LEMIS,LA,1960,,2016,2013,2016,21351,8C,"Non-MSA counties from 10,000 thru 24,999",L,N,N,12,12,9,,,,2016,14,14,70586,30.720693,-92.404086
7405,LA0620200,LA0620200,Epps Police Department,Epps,1,City,,,3793,Epps,22,LA,1187,West Carroll,22123,A,23370,LAUCR0001,Louisiana Commission on Law Enforcement LUCR/LIBRS/LEMIS,LA,2010,,2016,,,847,7,"Cities under 2,500",L,N,N,12,0,6,,,,2016,1,1,71237,32.79248,-91.451998
7160,LA0060200,LA0060200,Merryville Police Department,Merryville,1,City,,,3857,Merryville,22,LA,1131,Beauregard,22011,A,23370,LAUCR0001,Louisiana Commission on Law Enforcement LUCR/LIBRS/LEMIS,LA,1960,,2016,2014,2014,1110,7,"Cities under 2,500",L,N,N,0,0,0,7158,LA0060000,Beauregard,,,,70653,30.645018,-93.340253
7346,LA0500100,LA0500100,Breaux Bridge Police Department,Breaux Bridge,1,City,,,3768,Breaux Bridge,22,LA,1175,St Martin,22099,A,23370,LAUCR0001,Louisiana Commission on Law Enforcement LUCR/LIBRS/LEMIS,LA,1960,,2016,,,8372,6,"Cities from 2,500 thru 9,999",L,Y,N,12,0,7,,,,2016,20,3,70517,30.121433,-91.611481
7280,LA0320700,LA0320700,French Settlement Police Department,French Settlement,1,City,,,3803,French Settlement,22,LA,1157,Livingston,22063,A,23370,LAUCR0001,Louisiana Commission on Law Enforcement LUCR/LIBRS/LEMIS,LA,1999,,2016,,,1110,7,"Cities under 2,500",L,Y,N,12,0,10,,,,2016,3,0,70733,30.440419,-90.727474
7348,LA0500300,LA0500300,Parks Police Department,Parks,1,City,,,3896,Saint Martinville,22,LA,1175,St Martin,22099,A,23370,LAUCR0001,Louisiana Commission on Law Enforcement LUCR/LIBRS/LEMIS,LA,1975,,2016,2014,2007,672,7,"Cities under 2,500",L,Y,N,0,0,0,7345,LA0500000,St. Martin,2003,2,0,70582,30.121433,-91.611481
7353,LA0510400,LA0510400,Patterson Police Department,Patterson,1,City,,,3879,Patterson,22,LA,1176,St Mary,22101,A,23370,LAUCR0001,Louisiana Commission on Law Enforcement LUCR/LIBRS/LEMIS,LA,1960,,2016,,,6106,6,"Cities from 2,500 thru 9,999",L,N,N,12,0,5,,,,2016,26,0,70392,29.629349,-91.463804
7246,LA0260400,LA0260400,Westwego Police Department,Westwego,1,City,,,3923,Westwego,22,LA,1151,Jefferson,22051,A,23370,LAUCR0001,Louisiana Commission on Law Enforcement LUCR/LIBRS/LEMIS,LA,1960,,2016,,,8547,6,"Cities from 2,500 thru 9,999",L,Y,N,12,0,10,,,,2015,37,1,70094,29.677888,-90.100494
7382,LA0570100,LA0570100,Abbeville Police Department,Abbeville,1,City,,,3748,Abbeville,22,LA,1182,Vermilion,22113,A,23370,LAUCR0001,Louisiana Commission on Law Enforcement LUCR/LIBRS/LEMIS,LA,1960,,2016,,,12495,5,"Cities from 10,000 thru 24,999",L,Y,N,12,0,7,,,,2016,37,2,70510,29.786872,-92.29009
7272,LA0310300,LA0310300,Grambling Police Department,Grambling,1,City,,,3809,Grambling,22,LA,1156,Lincoln,22061,A,23370,LAUCR0001,Louisiana Commission on Law Enforcement LUCR/LIBRS/LEMIS,LA,1960,,2016,,2015,5166,6,"Cities from 2,500 thru 9,999",L,N,N,0,0,4,7269,LA0310000,Lincoln,2011,12,5,71245,32.601823,-92.662303
7173,LA0090200,LA0090200,Vivian Police Department,Vivian,1,City,,,3916,Vivian,22,LA,1134,Caddo,22017,A,23370,LAUCR0001,Louisiana Commission on Law Enforcement LUCR/LIBRS/LEMIS,LA,1960,,2016,,2015,3631,6,"Cities from 2,500 thru 9,999",L,Y,N,0,0,0,7171,LA0090000,Caddo,2012,11,3,71082,32.577195,-93.882423
7340,LA0490500,LA0490500,Washington Police Department,Washington,1,City,,,3918,Washington,22,LA,1174,St Landry,22097,A,23370,LAUCR0001,Louisiana Commission on Law Enforcement LUCR/LIBRS/LEMIS,LA,1994,,2016,,2015,956,7,"Cities under 2,500",L,N,N,0,0,0,7335,LA0490000,St. Landry,2011,5,2,70589,30.583441,-91.989274
7204,LA0170200,LA0170200,Baton Rouge Police Department,Baton Rouge,1,City,,,3760,Baton Rouge,22,LA,1142,East Baton Rouge,22033,A,23370,LAUCR0001,Louisiana Commission on Law Enforcement LUCR/LIBRS/LEMIS,LA,1960,,2016,,,228727,2,"Cities from 100,000 thru 249,000",L,N,Y,12,0,10,,,,2016,641,173,70802,30.544002,-91.093174
7152,LA0050000,LA0050000,Avoyelles County Sheriff's Office,Avoyelles,2,County,,,,,22,LA,1130,Avoyelles,22009,A,23370,LAUCR0001,Louisiana Commission on Law Enforcement LUCR/LIBRS/LEMIS,LA,1960,,2016,,,26341,8B,"Non-MSA counties from 25,000 thru 99,999",L,N,N,12,0,9,,,,2016,217,56,71351,31.085094,-91.993797
7166,LA0080100,LA0080100,Bossier City Police Department,Bossier City,1,City,,,3767,Bossier City,22,LA,1133,Bossier,22015,A,23370,LAUCR0001,Louisiana Commission on Law Enforcement LUCR/LIBRS/LEMIS,LA,1960,,2016,,,68918,3,"Cities from 50,000 thru 99,000",L,N,Y,12,0,10,,,,2016,161,39,71171,32.696225,-93.618086
7401,LA0610200,LA0610200,Brusly Police Department,Brusly,1,City,,,3770,Brusly,22,LA,1186,West Baton Rouge,22121,A,23370,LAUCR0001,Louisiana Commission on Law Enforcement LUCR/LIBRS/LEMIS,LA,1995,,2016,,,2733,6,"Cities from 2,500 thru 9,999",L,Y,N,12,0,10,,,,2016,10,0,70719,30.464052,-91.309808
7245,LA0260300,LA0260300,Kenner Police Department,Kenner,1,City,,,3834,Kenner,22,LA,1151,Jefferson,22051,A,23370,LAUCR0001,Louisiana Commission on Law Enforcement LUCR/LIBRS/LEMIS,LA,1960,,2016,,,67147,3,"Cities from 50,000 thru 99,000",L,N,N,12,0,10,,,,2016,167,65,70062,29.677888,-90.100494
7146,LA0030000,LA0030000,Ascension County Sheriff's Office,Ascension,2,County,,,,,22,LA,1128,Ascension,22005,A,23370,LAUCR0001,Louisiana Commission on Law Enforcement LUCR/LIBRS/LEMIS,LA,1960,,2016,2013,2016,108650,9A,"MSA counties 100,000 or over",L,Y,N,12,12,10,,,,2016,270,54,70346,30.202946,-90.910023
7297,LA0362000,LA0362000,Tulane University,Tulane University,3,University or College,,679,,,22,LA,1161,Orleans,22071,A,23370,LAUCR0001,Louisiana Commission on Law Enforcement LUCR/LIBRS/LEMIS,LA,2000,,2016,,,0,7,"Cities under 2,500",L,Y,N,12,0,10,,,,2016,79,30,70118,30.067468,-89.927212
7271,LA0310200,LA0310200,Ruston Police Department,Ruston,1,City,,,3892,Ruston,22,LA,1156,Lincoln,22061,A,23370,LAUCR0001,Louisiana Commission on Law Enforcement LUCR/LIBRS/LEMIS,LA,1960,,2016,,,22386,5,"Cities from 10,000 thru 24,999",L,N,N,12,0,9,,,,2016,35,14,71273,32.601823,-92.662303
7310,LA0400200,LA0400200,Pineville Police Department,Pineville,1,City,,,3881,Pineville,22,LA,1165,Rapides,22079,A,23370,LAUCR0001,Louisiana Commission on Law Enforcement LUCR/LIBRS/LEMIS,LA,1960,,2016,,,14401,5,"Cities from 10,000 thru 24,999",L,Y,N,12,0,8,,,,2016,72,0,71360,31.193204,-92.535953
7239,LA0250000,LA0250000,Jackson County Sheriff's Office,Jackson,2,County,,,,,22,LA,1150,Jackson,22049,A,23370,LAUCR0001,Louisiana Commission on Law Enforcement LUCR/LIBRS/LEMIS,LA,1960,,2016,,,15445,8C,"Non-MSA counties from 10,000 thru 24,999",L,N,N,12,0,8,,,,2016,42,136,71251,32.30448,-92.556672
7302,LA0370400,LA0370400,University of Louisiana: Monroe,University of Louisiana: Monroe,3,University or College,,744,,,22,LA,1162,Ouachita,22073,A,23370,LAUCR0001,Louisiana Commission on Law Enforcement LUCR/LIBRS/LEMIS,LA,1982,,2016,,,0,7,"Cities under 2,500",L,Y,N,12,0,9,,,,2016,19,1,71209,32.477664,-92.154848
7288,LA0350000,LA0350000,Natchitoches County Sheriff's Office,Natchitoches,2,County,,,,,22,LA,1160,Natchitoches,22069,A,23370,LAUCR0001,Louisiana Commission on Law Enforcement LUCR/LIBRS/LEMIS,LA,1960,,2016,,,20190,8C,"Non-MSA counties from 10,000 thru 24,999",L,N,N,12,0,10,,,,2016,75,105,71458,31.734982,-93.086106
7196,LA0150100,LA0150100,Ferriday Police Department,Ferriday,1,City,,,3797,Ferriday,22,LA,1140,Concordia,22029,A,23370,LAUCR0001,Louisiana Commission on Law Enforcement LUCR/LIBRS/LEMIS,LA,1960,,2016,,,3422,6,"Cities from 2,500 thru 9,999",L,N,N,12,0,10,,,,2016,21,0,71334,31.469805,-91.626314
7350,LA0510100,LA0510100,Berwick Police Department,Berwick,1,City,,,3763,Berwick,22,LA,1176,St Mary,22101,A,23370,LAUCR0001,Louisiana Commission on Law Enforcement LUCR/LIBRS/LEMIS,LA,1960,,2016,,,4779,6,"Cities from 2,500 thru 9,999",L,N,N,12,0,9,,,,2016,12,1,70342,29.629349,-91.463804
7199,LA0160000,LA0160000,De Soto County Sheriff's Office,De Soto,2,County,,,,,22,LA,1141,De Soto,22031,A,23370,LAUCR0001,Louisiana Commission on Law Enforcement LUCR/LIBRS/LEMIS,LA,1960,,2016,,,22200,9C,"MSA counties from 10,000 thru 24,999",L,Y,N,12,0,9,,,,2016,24,6,71052,32.059248,-93.740797
7202,LA0170000,LA0170000,East Baton Rouge County Sheriff's Office,East Baton Rouge,2,County,,,,,22,LA,1142,East Baton Rouge,22033,A,23370,LAUCR0001,Louisiana Commission on Law Enforcement LUCR/LIBRS/LEMIS,LA,1960,,2016,,,187720,9A,"MSA counties 100,000 or over",L,Y,N,12,0,10,,,,2016,739,113,70821,30.544002,-91.093174
7383,LA0570200,LA0570200,Kaplan Police Department,Kaplan,1,City,,,3833,Kaplan,22,LA,1182,Vermilion,22113,A,23370,LAUCR0001,Louisiana Commission on Law Enforcement LUCR/LIBRS/LEMIS,LA,1960,,2016,,,4610,6,"Cities from 2,500 thru 9,999",L,Y,N,12,0,5,,,,2016,11,6,70548,29.786872,-92.29009
7291,LA0351000,LA0351000,Northwestern State University,Northwestern State University,3,University or College,,435,,,22,LA,1160,Natchitoches,22069,A,23370,LAUCR0001,Louisiana Commission on Law Enforcement LUCR/LIBRS/LEMIS,LA,1982,,2016,,,0,7,"Cities under 2,500",L,N,N,12,0,10,,,,2016,22,0,71497,31.734982,-93.086106
7341,LA0490600,LA0490600,Port Barre Police Department,Port Barre,1,City,,,3886,Port Barre,22,LA,1174,St Landry,22097,A,23370,LAUCR0001,Louisiana Commission on Law Enforcement LUCR/LIBRS/LEMIS,LA,2000,,2016,,2015,2115,7,"Cities under 2,500",L,N,N,0,0,0,7335,LA0490000,St. Landry,2010,12,6,70577,30.583441,-91.989274
7364,LA0530100,LA0530100,Hammond Police Department,Hammond,1,City,,,3816,Hammond,22,LA,1178,Tangipahoa,22105,A,23370,LAUCR0001,Louisiana Commission on Law Enforcement LUCR/LIBRS/LEMIS,LA,1960,,2016,,,20449,5,"Cities from 10,000 thru 24,999",L,N,Y,12,0,10,,,,2016,80,26,70404,30.621581,-90.406633
7253,LA0280000,LA0280000,Lafayette County Sheriff's Office,Lafayette,2,County,,,,,22,LA,1154,Lafayette,22055,A,23370,LAUCR0001,Louisiana Commission on Law Enforcement LUCR/LIBRS/LEMIS,LA,1960,,2016,,,71237,9B,"MSA counties from 25,000 thru 99,999",L,Y,N,12,0,10,,,,2016,569,227,70501,30.206507,-92.06417
7325,LA0430200,LA0430200,Zwolle Police Department,Zwolle,1,City,,,3932,Zwolle,22,LA,1168,Sabine,22085,A,23370,LAUCR0001,Louisiana Commission on Law Enforcement LUCR/LIBRS/LEMIS,LA,1979,,2016,,2015,1973,7,"Cities under 2,500",L,N,N,0,0,3,7323,LA0430000,Sabine,2012,4,2,71486,31.560209,-93.559228
7187,LA0120000,LA0120000,Cameron County Sheriff's Office,Cameron,2,County,,,,,22,LA,1137,Cameron,22023,A,23370,LAUCR0001,Louisiana Commission on Law Enforcement LUCR/LIBRS/LEMIS,LA,1960,,2016,2013,2016,6617,9D,"MSA counties under 10,000",L,Y,N,12,12,10,,,,2016,69,10,70631,29.871888,-93.165539
7356,LA0520000,LA0520000,St. Tammany County Sheriff's Office,St. Tammany,2,County,,,,,22,LA,1177,St Tammany,22103,A,23370,LAUCR0001,Louisiana Commission on Law Enforcement LUCR/LIBRS/LEMIS,LA,1960,,2016,,,195157,9A,"MSA counties 100,000 or over",L,Y,N,12,0,10,,,,2016,418,331,70434,30.410022,-89.951962
7236,LA0240400,LA0240400,Grosse Tete Police Department,Grosse Tete,1,City,,,3814,Grosse Tete,22,LA,1149,Iberville,22047,A,23370,LAUCR0001,Louisiana Commission on Law Enforcement LUCR/LIBRS/LEMIS,LA,1999,,2016,2014,2011,640,7,"Cities under 2,500",L,Y,N,0,0,0,7232,LA0240000,Iberville,2000,1,0,70740,30.288394,-91.36315
7292,LA0360000,LA0360000,Orleans County Sheriff's Office,Orleans,2,County,,,,,22,LA,1161,Orleans,22071,A,23370,LAUCR0001,Louisiana Commission on Law Enforcement LUCR/LIBRS/LEMIS,LA,1960,,2016,2014,2006,0,9D,"MSA counties under 10,000",L,Y,N,0,0,0,7413,LANPD0000,New Orleans,,,,70119,30.067468,-89.927212
7301,LA0370300,LA0370300,Sterlington Police Department,Sterlington,1,City,,,3905,Sterlington,22,LA,1162,Ouachita,22073,A,23370,LAUCR0001,Louisiana Commission on Law Enforcement LUCR/LIBRS/LEMIS,LA,1975,,2016,2014,,2369,7,"Cities under 2,500",L,Y,N,0,0,5,,,,2016,9,0,71280,32.477664,-92.154848
7398,LA0600800,LA0600800,Dixie Inn Police Department,Dixie Inn,1,City,,,3858,Minden,22,LA,1185,Webster,22119,A,23370,LAUCR0001,Louisiana Commission on Law Enforcement LUCR/LIBRS/LEMIS,LA,1999,,2016,,2015,264,7,"Cities under 2,500",L,Y,N,0,0,0,7394,LA0600000,Webster,2014,2,0,71055,32.732152,-93.339825
7307,LA0390100,LA0390100,New Roads Police Department,New Roads,1,City,,,3868,New Roads,22,LA,1164,Pointe Coupee,22077,A,23370,LAUCR0001,Louisiana Commission on Law Enforcement LUCR/LIBRS/LEMIS,LA,1960,,2016,2014,2014,4712,6,"Cities from 2,500 thru 9,999",L,Y,N,0,0,0,7306,LA0390000,Pointe Coupee,2012,16,0,70760,30.708319,-91.604621
7228,LA0230000,LA0230000,Iberia County Sheriff's Office,Iberia,2,County,,,,,22,LA,1148,Iberia,22045,A,23370,LAUCR0001,Louisiana Commission on Law Enforcement LUCR/LIBRS/LEMIS,LA,1960,,2016,2013,2016,73971,9B,"MSA counties from 25,000 thru 99,999",L,Y,N,12,12,10,,,,2016,188,83,70560,29.606013,-91.842706
7227,LA0220500,LA0220500,Pollock Police Department,Pollock,1,City,,,3883,Pollock,22,LA,1147,Grant,22043,A,23370,LAUCR0001,Louisiana Commission on Law Enforcement LUCR/LIBRS/LEMIS,LA,1999,,2016,,,478,7,"Cities under 2,500",L,Y,N,12,0,8,,,,2012,3,1,71467,31.597787,-92.561716
7336,LA0490100,LA0490100,Eunice Police Department,Eunice,1,City,,,3795,Eunice,22,LA,1174,St Landry,22097,A,23370,LAUCR0001,Louisiana Commission on Law Enforcement LUCR/LIBRS/LEMIS,LA,1960,,2016,,,10311,5,"Cities from 10,000 thru 24,999",L,N,N,12,0,10,,,,2016,32,13,70535,30.583441,-91.989274
7195,LA0150000,LA0150000,Concordia County Sheriff's Office,Concordia,2,County,,,,,22,LA,1140,Concordia,22029,A,23370,LAUCR0001,Louisiana Commission on Law Enforcement LUCR/LIBRS/LEMIS,LA,1960,,2016,,,12758,8C,"Non-MSA counties from 10,000 thru 24,999",L,N,N,12,0,10,,,,2016,27,234,71373,31.469805,-91.626314
7208,LA0171100,LA0171100,Department of Public Safety State Capitol Detail,Department of Public Safety State Capitol Detail,6,Other State Agency,,,,,22,LA,1142,East Baton Rouge,22033,A,23370,LAUCR0001,Louisiana Commission on Law Enforcement LUCR/LIBRS/LEMIS,LA,2004,,2016,,,0,7,"Cities under 2,500",L,Y,N,0,0,4,,,,2011,32,1,70802,30.544002,-91.093174
7344,LA0491300,LA0491300,Louisiana State University: Eunice,Louisiana State University: Eunice,3,University or College,,326,,,22,LA,1174,St Landry,22097,A,23370,LAUCR0001,Louisiana Commission on Law Enforcement LUCR/LIBRS/LEMIS,LA,1999,,2016,,,0,7,"Cities under 2,500",L,N,N,0,0,7,,,,2003,1,0,70535,30.583441,-91.989274
7249,LA0270100,LA0270100,Elton Police Department,Elton,1,City,,,3792,Elton,22,LA,1152,Jefferson Davis,22053,A,23370,LAUCR0001,Louisiana Commission on Law Enforcement LUCR/LIBRS/LEMIS,LA,1999,,2016,,,1129,7,"Cities under 2,500",L,N,N,0,0,2,7248,LA0270000,Jefferson Davis,2012,7,4,70532,30.269529,-92.816221
7275,LA0320000,LA0320000,Livingston County Sheriff's Office,Livingston,2,County,,,,,22,LA,1157,Livingston,22063,A,23370,LAUCR0001,Louisiana Commission on Law Enforcement LUCR/LIBRS/LEMIS,LA,1960,,2016,,,117410,9A,"MSA counties 100,000 or over",L,Y,N,12,0,10,,,,2016,280,0,70754,30.440419,-90.727474
7242,LA0260000,LA0260000,Jefferson County Sheriff's Office,Jefferson,2,County,,,,,22,LA,1151,Jefferson,22051,A,23370,LAUCR0001,Louisiana Commission on Law Enforcement LUCR/LIBRS/LEMIS,LA,1960,,2016,,,332939,9A,"MSA counties 100,000 or over",L,Y,N,12,0,10,,,,2016,627,805,70058,29.677888,-90.100494
7366,LA0530300,LA0530300,Ponchatoula Police Department,Ponchatoula,1,City,,,3884,Ponchatoula,22,LA,1178,Tangipahoa,22105,A,23370,LAUCR0001,Louisiana Commission on Law Enforcement LUCR/LIBRS/LEMIS,LA,1960,,2016,,,6987,6,"Cities from 2,500 thru 9,999",L,Y,N,12,0,10,,,,2016,23,6,70454,30.621581,-90.406633
7337,LA0490200,LA0490200,Opelousas Police Department,Opelousas,1,City,,,3877,Opelousas,22,LA,1174,St Landry,22097,A,23370,LAUCR0001,Louisiana Commission on Law Enforcement LUCR/LIBRS/LEMIS,LA,1960,,2016,,,16580,5,"Cities from 10,000 thru 24,999",L,N,N,12,0,7,,,,2012,59,16,70571,30.583441,-91.989274
7370,LA0530900,LA0530900,Southeastern Louisiana University,Southeastern Louisiana University,3,University or College,,538,,,22,LA,1178,Tangipahoa,22105,A,23370,LAUCR0001,Louisiana Commission on Law Enforcement LUCR/LIBRS/LEMIS,LA,1976,,2016,2014,,0,7,"Cities under 2,500",L,Y,N,0,0,5,,,,2016,24,4,70402,30.621581,-90.406633
7300,LA0370200,LA0370200,West Monroe Police Department,West Monroe,1,City,,,3921,West Monroe,22,LA,1162,Ouachita,22073,A,23370,LAUCR0001,Louisiana Commission on Law Enforcement LUCR/LIBRS/LEMIS,LA,1960,,2016,2014,2016,12960,5,"Cities from 10,000 thru 24,999",L,Y,N,12,12,9,,,,2016,67,2,71291,32.477664,-92.154848
7231,LA0230400,LA0230400,Loreauville Police Department,Loreauville,1,City,,,3846,Loreauville,22,LA,1148,Iberia,22045,A,23370,LAUCR0001,Louisiana Commission on Law Enforcement LUCR/LIBRS/LEMIS,LA,1975,,2016,2014,2006,897,7,"Cities under 2,500",L,Y,N,0,0,0,7228,LA0230000,Iberia,1999,1,0,70552,29.606013,-91.842706
7331,LA0470000,LA0470000,St. James County Sheriff's Office,St. James,2,County,,,,,22,LA,1172,St James,22093,A,23370,LAUCR0001,Louisiana Commission on Law Enforcement LUCR/LIBRS/LEMIS,LA,1960,,2016,2013,2016,14712,9C,"MSA counties from 10,000 thru 24,999",L,Y,N,12,12,10,,,,2016,60,39,70723,30.02482,-90.793956
7359,LA0520300,LA0520300,Mandeville Police Department,Mandeville,1,City,,,3849,Mandeville,22,LA,1177,St Tammany,22103,A,23370,LAUCR0001,Louisiana Commission on Law Enforcement LUCR/LIBRS/LEMIS,LA,1976,,2016,,,12306,5,"Cities from 10,000 thru 24,999",L,Y,N,12,0,10,,,,2016,36,12,70448,30.410022,-89.951962
7328,LA0440000,LA0440000,St. Bernard County Sheriff's Office,St. Bernard,2,County,,,,,22,LA,1169,St Bernard,22087,A,23370,LAUCR0001,Louisiana Commission on Law Enforcement LUCR/LIBRS/LEMIS,LA,1960,,2016,,,46488,9B,"MSA counties from 25,000 thru 99,999",L,Y,N,12,0,10,,,,2016,244,22,70044,29.91811,-89.263494
7170,LA0080700,LA0080700,Southern University and A&M College: Shreveport,Southern University and A&M College: Shreveport,3,University or College,,554,,,22,LA,1133,Bossier,22015,A,23370,LAUCR0001,Louisiana Commission on Law Enforcement LUCR/LIBRS/LEMIS,LA,1997,,2016,,,0,7,"Cities under 2,500",L,Y,N,12,0,9,,,,2016,9,1,71107,32.696225,-93.618086
7220,LA0210000,LA0210000,Franklin County Sheriff's Office,Franklin,2,County,,,,,22,LA,1146,Franklin,22041,A,23370,LAUCR0001,Louisiana Commission on Law Enforcement LUCR/LIBRS/LEMIS,LA,1960,,2016,,,20315,8C,"Non-MSA counties from 10,000 thru 24,999",L,N,N,12,0,9,,,,2016,98,0,71295,32.138278,-91.672101
7188,LA0130000,LA0130000,Catahoula County Sheriff's Office,Catahoula,2,County,,,,,22,LA,1138,Catahoula,22025,A,23370,LAUCR0001,Louisiana Commission on Law Enforcement LUCR/LIBRS/LEMIS,LA,1960,,2016,,,10081,8C,"Non-MSA counties from 10,000 thru 24,999",L,N,N,12,0,7,,,,2016,22,93,71340,31.666517,-91.846703
7388,LA0580100,LA0580100,Leesville Police Department,Leesville,1,City,,,3843,Leesville,22,LA,1183,Vernon,22115,A,23370,LAUCR0001,Louisiana Commission on Law Enforcement LUCR/LIBRS/LEMIS,LA,1960,,2016,,,6496,6,"Cities from 2,500 thru 9,999",L,N,N,12,0,8,,,,2016,26,2,71496,31.110563,-93.18152
7284,LA0340100,LA0340100,Bastrop Police Department,Bastrop,1,City,,,3759,Bastrop,22,LA,1159,Morehouse,22067,A,23370,LAUCR0001,Louisiana Commission on Law Enforcement LUCR/LIBRS/LEMIS,LA,1960,,2016,,,10773,5,"Cities from 10,000 thru 24,999",L,N,N,12,0,10,,,,2014,24,0,71220,32.820008,-91.800399
7390,LA0580300,LA0580300,Rosepine Police Department,Rosepine,1,City,,,3891,Rosepine,22,LA,1183,Vernon,22115,A,23370,LAUCR0001,Louisiana Commission on Law Enforcement LUCR/LIBRS/LEMIS,LA,2011,,2016,,2015,1666,7,"Cities under 2,500",L,N,N,0,0,0,7387,LA0580000,Vernon,,,,70659,31.110563,-93.18152
7393,LA0590200,LA0590200,Franklinton Police Department,Franklinton,1,City,,,3802,Franklinton,22,LA,1184,Washington,22117,A,23370,LAUCR0001,Louisiana Commission on Law Enforcement LUCR/LIBRS/LEMIS,LA,1960,,2016,,,3758,6,"Cities from 2,500 thru 9,999",L,N,N,12,0,10,,,,2016,20,2,70438,30.852144,-90.046253
7408,LA0640000,LA0640000,Winn County Sheriff's Office,Winn,2,County,,,,,22,LA,1189,Winn,22127,A,23370,LAUCR0001,Louisiana Commission on Law Enforcement LUCR/LIBRS/LEMIS,LA,1960,,2016,,,10011,8C,"Non-MSA counties from 10,000 thru 24,999",L,N,N,12,0,10,,,,2016,17,12,71483,31.941187,-92.641269
7342,LA0490800,LA0490800,Krotz Springs Police Department,Krotz Springs,1,City,,,3837,Krotz Springs,22,LA,1174,St Landry,22097,A,23370,LAUCR0001,Louisiana Commission on Law Enforcement LUCR/LIBRS/LEMIS,LA,1994,,2016,,,1206,7,"Cities under 2,500",L,N,N,12,0,5,,,,2016,4,3,70750,30.583441,-91.989274
7312,LA0400500,LA0400500,Cheneyville Police Department,Cheneyville,1,City,,,3773,Cheneyville,22,LA,1165,Rapides,22079,A,23370,LAUCR0001,Louisiana Commission on Law Enforcement LUCR/LIBRS/LEMIS,LA,1994,,2016,,2015,609,7,"Cities under 2,500",L,Y,N,0,0,0,7308,LA0400000,Rapides,2011,3,1,71325,31.193204,-92.535953
7185,LA0100800,LA0100800,McNeese State University,McNeese State University,3,University or College,,350,,,22,LA,1135,Calcasieu,22019,A,23370,LAUCR0001,Louisiana Commission on Law Enforcement LUCR/LIBRS/LEMIS,LA,1975,,2016,2013,,0,7,"Cities under 2,500",L,Y,N,8,8,7,,,,2016,9,6,70609,30.229559,-93.358015
7267,LA0300100,LA0300100,Jena Police Department,Jena,1,City,,,3829,Jena,22,LA,1153,La Salle,22059,A,23370,LAUCR0001,Louisiana Commission on Law Enforcement LUCR/LIBRS/LEMIS,LA,1976,,2016,,,3383,6,"Cities from 2,500 thru 9,999",L,N,N,12,0,7,,,,2016,7,0,71342,31.680083,-92.161596
7321,LA0420200,LA0420200,Rayville Police Department,Rayville,1,City,,,3888,Rayville,22,LA,1167,Richland,22083,A,23370,LAUCR0001,Louisiana Commission on Law Enforcement LUCR/LIBRS/LEMIS,LA,1960,,2016,,,3726,6,"Cities from 2,500 thru 9,999",L,N,N,1,0,4,,,,2016,14,2,71269,32.413158,-91.748353
7317,LA0410000,LA0410000,Red River County Sheriff's Office,Red River,2,County,,,,,22,LA,1166,Red River,22081,A,23370,LAUCR0001,Louisiana Commission on Law Enforcement LUCR/LIBRS/LEMIS,LA,1960,,2016,,,6714,8D,"Non-MSA counties under 10,000",L,N,N,12,0,9,,,,2016,32,27,71019,32.101213,-93.34905
23279,LA0250300,LA0250300,North Hodge Police Department,North Hodge,1,City,,,3821,Hodge,22,LA,1150,Jackson,22049,A,23370,LAUCR0001,Louisiana Commission on Law Enforcement LUCR/LIBRS/LEMIS,LA,2013,,2016,,2015,379,7,"Cities under 2,500",L,N,N,0,0,1,7239,LA0250000,Jackson,,,,71247,32.30448,-92.556672
7233,LA0240100,LA0240100,Maringouin Police Department,Maringouin,1,City,,,3854,Maringouin,22,LA,1149,Iberville,22047,A,23370,LAUCR0001,Louisiana Commission on Law Enforcement LUCR/LIBRS/LEMIS,LA,1994,,2016,2014,2011,1072,7,"Cities under 2,500",L,Y,N,0,0,0,7232,LA0240000,Iberville,1999,1,1,70757,30.288394,-91.36315
7157,LA0050600,LA0050600,Moreauville Police Department,Moreauville,1,City,,,3861,Moreauville,22,LA,1130,Avoyelles,22009,A,23370,LAUCR0001,Louisiana Commission on Law Enforcement LUCR/LIBRS/LEMIS,LA,2000,,2016,,,900,7,"Cities under 2,500",L,N,N,11,0,7,,,,2016,4,1,71355,31.085094,-91.993797
7363,LA0530000,LA0530000,Tangipahoa County Sheriff's Office,Tangipahoa,2,County,,,,,22,LA,1178,Tangipahoa,22105,A,23370,LAUCR0001,Louisiana Commission on Law Enforcement LUCR/LIBRS/LEMIS,LA,1960,,2016,,,91701,9B,"MSA counties from 25,000 thru 99,999",L,Y,N,12,0,10,,,,2016,119,119,70403,30.621581,-90.406633
7201,LA0160800,LA0160800,Stonewall Police Department,Stonewall,1,City,,,3906,Stonewall,22,LA,1141,De Soto,22031,A,23370,LAUCR0001,Louisiana Commission on Law Enforcement LUCR/LIBRS/LEMIS,LA,1995,,2016,,2015,2063,7,"Cities under 2,500",L,Y,N,0,0,4,7199,LA0160000,De Soto,2012,3,0,71078,32.059248,-93.740797
7164,LA0070800,LA0070800,Bienville Police Department,Bienville,1,City,,,3761,Beinville,22,LA,1132,Bienville,22013,A,23370,LAUCR0001,Louisiana Commission on Law Enforcement LUCR/LIBRS/LEMIS,LA,1974,,2016,2014,2000,209,7,"Cities under 2,500",L,N,N,0,0,0,7161,LA0070000,Bienville,1980,1,0,71008,32.340952,-93.041151
7385,LA0570400,LA0570400,Erath Police Department,Erath,1,City,,,3794,Erath,22,LA,1182,Vermilion,22113,A,23370,LAUCR0001,Louisiana Commission on Law Enforcement LUCR/LIBRS/LEMIS,LA,1994,,2016,,,2109,7,"Cities under 2,500",L,Y,N,12,0,8,,,,2016,7,4,70533,29.786872,-92.29009
7333,LA0470200,LA0470200,Gramercy Police Department,Gramercy,1,City,,,3810,Gramercy,22,LA,1172,St James,22093,A,23370,LAUCR0001,Louisiana Commission on Law Enforcement LUCR/LIBRS/LEMIS,LA,1994,,2016,,,3433,6,"Cities from 2,500 thru 9,999",L,Y,N,12,0,10,,,,2016,9,1,70052,30.02482,-90.793956
7404,LA0620100,LA0620100,Oak Grove Police Department,Oak Grove,1,City,,,3871,Oak Grove,22,LA,1187,West Carroll,22123,A,23370,LAUCR0001,Louisiana Commission on Law Enforcement LUCR/LIBRS/LEMIS,LA,1976,,2016,2014,,1694,7,"Cities under 2,500",L,N,N,12,0,4,,,,2016,6,0,71263,32.79248,-91.451998
7211,LA0190000,LA0190000,East Feliciana County Sheriff's Office,East Feliciana,2,County,,,,,22,LA,1144,East Feliciana,22037,A,23370,LAUCR0001,Louisiana Commission on Law Enforcement LUCR/LIBRS/LEMIS,LA,1960,,2016,,,17232,9C,"MSA counties from 10,000 thru 24,999",L,Y,N,12,0,10,,,,2016,54,0,70722,30.839784,-91.043434
7243,LA0260100,LA0260100,Gretna Police Department,Gretna,1,City,,,3813,Gretna,22,LA,1151,Jefferson,22051,A,23370,LAUCR0001,Louisiana Commission on Law Enforcement LUCR/LIBRS/LEMIS,LA,1960,,2016,,,17871,5,"Cities from 10,000 thru 24,999",L,Y,N,12,0,10,,,,2016,100,33,70053,29.677888,-90.100494
7225,LA0220200,LA0220200,Montgomery Police Department,Montgomery,1,City,,,3860,Montgomery,22,LA,1147,Grant,22043,A,23370,LAUCR0001,Louisiana Commission on Law Enforcement LUCR/LIBRS/LEMIS,LA,2011,,2016,,,724,7,"Cities under 2,500",L,Y,N,0,0,4,,,,2016,3,0,71454,31.597787,-92.561716
7254,LA0280100,LA0280100,Broussard Police Department,Broussard,1,City,,,3769,Broussard,22,LA,1154,Lafayette,22055,A,23370,LAUCR0001,Louisiana Commission on Law Enforcement LUCR/LIBRS/LEMIS,LA,1999,,2016,,,10919,5,"Cities from 10,000 thru 24,999",L,Y,N,12,0,9,,,,2016,28,4,70518,30.206507,-92.06417
7144,LA0020200,LA0020200,Oakdale Police Department,Oakdale,1,City,,,3873,Oakdale,22,LA,1127,Allen,22003,A,23370,LAUCR0001,Louisiana Commission on Law Enforcement LUCR/LIBRS/LEMIS,LA,1960,,2016,,,7710,6,"Cities from 2,500 thru 9,999",L,N,N,12,0,1,,,,2012,16,6,71463,30.652744,-92.819605
7258,LA0280500,LA0280500,Youngsville Police Department,Youngsville,1,City,,,3930,Youngsville,22,LA,1154,Lafayette,22055,A,23370,LAUCR0001,Louisiana Commission on Law Enforcement LUCR/LIBRS/LEMIS,LA,1999,,2016,,,11837,5,"Cities from 10,000 thru 24,999",L,Y,N,0,0,0,,,,2011,13,0,70592,30.206507,-92.06417
7251,LA0270300,LA0270300,Lake Arthur Police Department,Lake Arthur,1,City,,,3839,Lake Arthur,22,LA,1152,Jefferson Davis,22053,A,23370,LAUCR0001,Louisiana Commission on Law Enforcement LUCR/LIBRS/LEMIS,LA,1960,,2016,2013,,2747,6,"Cities from 2,500 thru 9,999",L,N,N,10,10,8,,,,2016,10,0,70549,30.269529,-92.816221
7369,LA0530800,LA0530800,Tickfaw Police Department,Tickfaw,1,City,,,3912,Tickfaw,22,LA,1178,Tangipahoa,22105,A,23370,LAUCR0001,Louisiana Commission on Law Enforcement LUCR/LIBRS/LEMIS,LA,1998,,2016,,,741,7,"Cities under 2,500",L,Y,N,4,4,8,,,,2015,6,0,70466,30.621581,-90.406633
7222,LA0210200,LA0210200,Wisner Police Department,Wisner,1,City,,,3928,Wisner,22,LA,1146,Franklin,22041,A,23370,LAUCR0001,Louisiana Commission on Law Enforcement LUCR/LIBRS/LEMIS,LA,2009,,2016,,2015,929,7,"Cities under 2,500",L,N,N,0,0,1,7220,LA0210000,Franklin,2011,2,0,71378,32.138278,-91.672101
25271,LA0330200,LA0330200,Delta Police Department,Delta,1,City,,,12037,Delta,22,LA,1158,Madison,22065,A,23370,LAUCR0001,Louisiana Commission on Law Enforcement LUCR/LIBRS/LEMIS,LA,2013,,2016,2014,2015,267,7,"Cities under 2,500",L,N,N,0,0,1,7281,LA0330000,Madison,,,,71233,32.365824,-91.240729
7151,LA0040100,LA0040100,Napoleonville Police Department,Napoleonville,1,City,,,3863,Napoleonville,22,LA,1129,Assumption,22007,A,23370,LAUCR0001,Louisiana Commission on Law Enforcement LUCR/LIBRS/LEMIS,LA,1999,,2016,,2014,645,7,"Cities under 2,500",L,N,N,0,0,5,7150,LA0040000,Assumption,2011,1,0,70390,29.899884,-91.050528
7371,LA0540000,LA0540000,Tensas County Sheriff's Office,Tensas,2,County,,,,,22,LA,1179,Tensas,22107,A,23370,LAUCR0001,Louisiana Commission on Law Enforcement LUCR/LIBRS/LEMIS,LA,1960,,2016,2013,2016,4727,8D,"Non-MSA counties under 10,000",L,N,N,12,12,6,,,,2016,19,17,71366,32.001489,-91.342576
7221,LA0210100,LA0210100,Winnsboro Police Department,Winnsboro,1,City,,,3927,Winnsboro,22,LA,1146,Franklin,22041,A,23370,LAUCR0001,Louisiana Commission on Law Enforcement LUCR/LIBRS/LEMIS,LA,1960,,2016,2014,2012,4751,6,"Cities from 2,500 thru 9,999",L,N,N,0,0,0,7220,LA0210000,Franklin,1999,9,2,71295,32.138278,-91.672101
7268,LA0300200,LA0300200,Olla Police Department,Olla,1,City,,,3876,Olla,22,LA,1153,La Salle,22059,A,23370,LAUCR0001,Louisiana Commission on Law Enforcement LUCR/LIBRS/LEMIS,LA,1995,,2016,2014,,1371,7,"Cities under 2,500",L,N,N,12,0,7,,,,2016,2,0,71465,31.680083,-92.161596
7304,LA0370900,LA0370900,Tensas Basin Levee District,Tensas Basin Levee District,6,Other State Agency,,,,,22,LA,1162,Ouachita,22073,A,23370,LAUCR0001,Louisiana Commission on Law Enforcement LUCR/LIBRS/LEMIS,LA,1994,,2016,,,0,7,"Cities under 2,500",L,Y,N,12,0,9,,,,2016,2,1,71202,32.477664,-92.154848
25273,LA0460200,LA0460200,Montpelier Police Department,Montpelier,1,City,,,12040,Montpelier,22,LA,1171,St Helena,22091,A,23370,LAUCR0001,Louisiana Commission on Law Enforcement LUCR/LIBRS/LEMIS,LA,2013,,2016,,,249,7,"Cities under 2,500",L,Y,N,0,0,3,,,,2014,1,0,70422,30.821423,-90.70935
7224,LA0220000,LA0220000,Grant County Sheriff's Office,Grant,2,County,,,,,22,LA,1147,Grant,22043,A,23370,LAUCR0001,Louisiana Commission on Law Enforcement LUCR/LIBRS/LEMIS,LA,1960,,2016,,,20835,9C,"MSA counties from 10,000 thru 24,999",L,Y,N,12,0,10,,,,2016,33,42,71417,31.597787,-92.561716
7358,LA0520200,LA0520200,Slidell Police Department,Slidell,1,City,,,3901,Slidell,22,LA,1177,St Tammany,22103,A,23370,LAUCR0001,Louisiana Commission on Law Enforcement LUCR/LIBRS/LEMIS,LA,1960,,2016,,,27746,4,"Cities from 25,000 thru 49,999",L,Y,N,12,0,10,,,,2016,67,32,70458,30.410022,-89.951962
7276,LA0320100,LA0320100,Denham Springs Police Department,Denham Springs,1,City,,,3786,Denham Springs,22,LA,1157,Livingston,22063,A,23370,LAUCR0001,Louisiana Commission on Law Enforcement LUCR/LIBRS/LEMIS,LA,1960,,2016,,,10067,5,"Cities from 10,000 thru 24,999",L,Y,N,12,0,10,,,,2016,27,9,70727,30.440419,-90.727474
7145,LA0020300,LA0020300,Oberlin Police Department,Oberlin,1,City,,,3874,Oberlin,22,LA,1127,Allen,22003,A,23370,LAUCR0001,Louisiana Commission on Law Enforcement LUCR/LIBRS/LEMIS,LA,1999,,2016,2014,2010,1751,7,"Cities under 2,500",L,N,N,0,0,0,7142,LA0020000,Allen,2003,6,6,70655,30.652744,-92.819605
7256,LA0280300,LA0280300,Lafayette Police Department,Lafayette,1,City,,,3838,Lafayette,22,LA,1154,Lafayette,22055,A,23370,LAUCR0001,Louisiana Commission on Law Enforcement LUCR/LIBRS/LEMIS,LA,1960,,2016,,,127273,2,"Cities from 100,000 thru 249,000",L,N,Y,12,0,10,,,,2016,257,58,70502,30.206507,-92.06417
7394,LA0600000,LA0600000,Webster County Sheriff's Office,Webster,2,County,,,,,22,LA,1185,Webster,22119,A,23370,LAUCR0001,Louisiana Commission on Law Enforcement LUCR/LIBRS/LEMIS,LA,1960,,2016,,,19886,9C,"MSA counties from 10,000 thru 24,999",L,Y,N,12,0,9,,,,2016,38,22,71058,32.732152,-93.339825
7413,LANPD0000,LANPD0000,New Orleans Police Department,New Orleans,1,City,,,3867,New Orleans,22,LA,1161,Orleans,22071,A,23370,LAUCR0001,Louisiana Commission on Law Enforcement LUCR/LIBRS/LEMIS,LA,1960,,2016,,,393447,1C,"Cities from 250,000 thru 499,999",L,N,Y,12,0,10,,,,2016,1171,232,70119,30.067468,-89.927212
7214,LA0190300,LA0190300,Wilson Police Department,Wilson,1,City,,,3925,Wilson,22,LA,1144,East Feliciana,22037,A,23370,LAUCR0001,Louisiana Commission on Law Enforcement LUCR/LIBRS/LEMIS,LA,2011,,2016,,,574,7,"Cities under 2,500",L,Y,N,12,0,6,,,,2016,4,0,70789,30.839784,-91.043434
7172,LA0090100,LA0090100,Shreveport Police Department,Shreveport,1,City,,,3898,Shreveport,22,LA,1134,Caddo,22017,A,23370,LAUCR0001,Louisiana Commission on Law Enforcement LUCR/LIBRS/LEMIS,LA,1960,,2016,,,197592,2,"Cities from 100,000 thru 249,000",L,N,Y,12,0,10,,,,2016,524,187,71101,32.577195,-93.882423
7338,LA0490300,LA0490300,Arnaudville Police Department,Arnaudville,1,City,,,3753,Arnaudville,22,LA,1174,St Landry,22097,A,23370,LAUCR0001,Louisiana Commission on Law Enforcement LUCR/LIBRS/LEMIS,LA,1994,,2016,2014,2005,1069,7,"Cities under 2,500",L,N,N,0,0,0,7335,LA0490000,St. Landry,2003,5,5,70512,30.583441,-91.989274
7163,LA0070200,LA0070200,Gibsland Police Department,Gibsland,1,City,,,3805,Gibsland,22,LA,1132,Bienville,22013,A,23370,LAUCR0001,Louisiana Commission on Law Enforcement LUCR/LIBRS/LEMIS,LA,1995,,2016,2014,2000,947,7,"Cities under 2,500",L,N,N,0,0,0,7161,LA0070000,Bienville,1999,2,0,71028,32.340952,-93.041151
7250,LA0270200,LA0270200,Jennings Police Department,Jennings,1,City,,,3830,Jennings,22,LA,1152,Jefferson Davis,22053,A,23370,LAUCR0001,Louisiana Commission on Law Enforcement LUCR/LIBRS/LEMIS,LA,1960,,2016,2013,2016,10133,5,"Cities from 10,000 thru 24,999",L,N,N,12,12,10,,,,2016,26,7,70546,30.269529,-92.816221
7376,LA0550100,LA0550100,Houma Police Department,Houma,1,City,,,3823,Houma,22,LA,1180,Terrebonne,22109,A,23370,LAUCR0001,Louisiana Commission on Law Enforcement LUCR/LIBRS/LEMIS,LA,1960,,2016,,,34238,4,"Cities from 25,000 thru 49,999",L,N,Y,12,0,10,,,,2016,81,17,70360,29.333258,-90.844212
7355,LA0510600,LA0510600,Chitimacha Tribal,Chitimacha Tribal,7,Tribal,17,,,,22,LA,3425,,,A,23370,LAUCR0001,Louisiana Commission on Law Enforcement LUCR/LIBRS/LEMIS,LA,2006,,2016,,,0,7,"Cities under 2,500",L,N,N,12,0,10,,,,2016,15,0,70523,29.629349,-91.463804
7306,LA0390000,LA0390000,Pointe Coupee County Sheriff's Office,Pointe Coupee,2,County,,,,,22,LA,1164,Pointe Coupee,22077,A,23370,LAUCR0001,Louisiana Commission on Law Enforcement LUCR/LIBRS/LEMIS,LA,1960,,2016,,,20872,9C,"MSA counties from 10,000 thru 24,999",L,Y,N,12,0,9,,,,2016,46,52,70760,30.708319,-91.604621
7329,LA0450000,LA0450000,St. Charles County Sheriff's Office,St. Charles,2,County,,,,,22,LA,1170,St Charles,22089,A,23370,LAUCR0001,Louisiana Commission on Law Enforcement LUCR/LIBRS/LEMIS,LA,1960,,2016,,,52642,9B,"MSA counties from 25,000 thru 99,999",L,Y,N,12,0,10,,,,2016,276,118,70057,29.905722,-90.357855
7247,LA0260500,LA0260500,Grand Isle Police Department,Grand Isle,1,City,,,3811,Grand Isle,22,LA,1151,Jefferson,22051,A,23370,LAUCR0001,Louisiana Commission on Law Enforcement LUCR/LIBRS/LEMIS,LA,1995,,2016,2014,2006,1402,7,"Cities under 2,500",L,Y,N,0,0,0,7242,LA0260000,Jefferson,1999,9,0,70358,29.677888,-90.100494
7159,LA0060100,LA0060100,De Ridder Police Department,De Ridder,1,City,,,3788,Deridder,22,LA,1131,Beauregard,22011,A,23370,LAUCR0001,Louisiana Commission on Law Enforcement LUCR/LIBRS/LEMIS,LA,1960,,2016,,,10839,5,"Cities from 10,000 thru 24,999",L,N,N,12,0,10,,,,2016,24,6,70634,30.645018,-93.340253
7218,LA0200200,LA0200200,Mamou Police Department,Mamou,1,City,,,3848,Mamou,22,LA,1145,Evangeline,22039,A,23370,LAUCR0001,Louisiana Commission on Law Enforcement LUCR/LIBRS/LEMIS,LA,1960,,2016,2013,,3173,6,"Cities from 2,500 thru 9,999",L,N,N,0,0,8,,,,2016,14,2,70554,30.720693,-92.404086
7207,LA0170600,LA0170600,Southern University and A&M College: Baton Rouge,Southern University and A&M College: Baton Rouge,3,University or College,,552,,,22,LA,1142,East Baton Rouge,22033,A,23370,LAUCR0001,Louisiana Commission on Law Enforcement LUCR/LIBRS/LEMIS,LA,1975,,2016,,,0,7,"Cities under 2,500",L,Y,N,12,0,10,,,,2015,22,13,70813,30.544002,-91.093174
7240,LA0250100,LA0250100,Jonesboro Police Department,Jonesboro,1,City,,,3831,Jonesboro,22,LA,1150,Jackson,22049,A,23370,LAUCR0001,Louisiana Commission on Law Enforcement LUCR/LIBRS/LEMIS,LA,1960,,2016,,2015,4602,6,"Cities from 2,500 thru 9,999",L,N,N,0,0,0,7239,LA0250000,Jackson,2011,8,0,71251,32.30448,-92.556672
7397,LA0600400,LA0600400,Cullen Police Department,Cullen,1,City,,,3783,Cullen,22,LA,1185,Webster,22119,A,23370,LAUCR0001,Louisiana Commission on Law Enforcement LUCR/LIBRS/LEMIS,LA,1994,,2016,,,1127,7,"Cities under 2,500",L,Y,N,0,0,4,,,,2012,3,0,71021,32.732152,-93.339825
7167,LA0080400,LA0080400,Haughton Police Department,Haughton,1,City,,,3819,Haughton,22,LA,1133,Bossier,22015,A,23370,LAUCR0001,Louisiana Commission on Law Enforcement LUCR/LIBRS/LEMIS,LA,1999,,2016,,,3381,6,"Cities from 2,500 thru 9,999",L,Y,N,12,0,7,,,,2016,12,1,71037,32.696225,-93.618086
7384,LA0570300,LA0570300,Delcambre Police Department,Delcambre,1,City,,,3784,Delcambre,22,LA,1182,Vermilion,22113,A,23370,LAUCR0001,Louisiana Commission on Law Enforcement LUCR/LIBRS/LEMIS,LA,1994,,2016,2014,2007,1858,7,"Cities under 2,500",L,Y,N,0,0,0,7381,LA0570000,Vermilion,1999,8,5,70528,29.786872,-92.29009
7149,LA0030300,LA0030300,Sorrento Police Department,Sorrento,1,City,,,3902,Sorrento,22,LA,1128,Ascension,22005,A,23370,LAUCR0001,Louisiana Commission on Law Enforcement LUCR/LIBRS/LEMIS,LA,1994,,2016,2013,2013,1586,7,"Cities under 2,500",L,Y,N,0,0,3,7146,LA0030000,Ascension,2012,4,1,70778,30.202946,-90.910023
7237,LA0240500,LA0240500,Rosedale Police Department,Rosedale,1,City,,,3890,Rosedale,22,LA,1149,Iberville,22047,A,23370,LAUCR0001,Louisiana Commission on Law Enforcement LUCR/LIBRS/LEMIS,LA,2002,,2016,2014,2011,778,7,"Cities under 2,500",L,Y,N,0,0,0,7232,LA0240000,Iberville,2003,1,0,70772,30.288394,-91.36315
7263,LA0290300,LA0290300,Lockport Police Department,Lockport,1,City,,,3845,Lockport,22,LA,1155,Lafourche,22057,A,23370,LAUCR0001,Louisiana Commission on Law Enforcement LUCR/LIBRS/LEMIS,LA,1964,,2016,2014,2005,2544,6,"Cities from 2,500 thru 9,999",L,Y,N,0,0,0,7261,LA0290000,Lafourche,2003,5,0,70374,29.491992,-90.394849
7375,LA0550000,LA0550000,Terrebonne County Sheriff's Office,Terrebonne,2,County,,,,,22,LA,1180,Terrebonne,22109,A,23370,LAUCR0001,Louisiana Commission on Law Enforcement LUCR/LIBRS/LEMIS,LA,1960,,2016,,,79389,9B,"MSA counties from 25,000 thru 99,999",L,Y,N,12,0,10,,,,2016,306,0,70361,29.333258,-90.844212
7200,LA0160100,LA0160100,Mansfield Police Department,Mansfield,1,City,,,3851,Mansfield,22,LA,1141,De Soto,22031,A,23370,LAUCR0001,Louisiana Commission on Law Enforcement LUCR/LIBRS/LEMIS,LA,1960,,2016,,,5007,6,"Cities from 2,500 thru 9,999",L,Y,N,12,0,9,,,,2016,17,0,71052,32.059248,-93.740797
7285,LA0340300,LA0340300,Bonita Police Department,Bonita,1,City,,,3766,Bonita,22,LA,1159,Morehouse,22067,A,23370,LAUCR0001,Louisiana Commission on Law Enforcement LUCR/LIBRS/LEMIS,LA,1976,,2016,2014,,266,7,"Cities under 2,500",L,N,N,0,0,0,7283,LA0340000,Morehouse,1994,1,0,71223,32.820008,-91.800399
7261,LA0290000,LA0290000,Lafourche County Sheriff's Office,Lafourche,2,County,,,,,22,LA,1155,Lafourche,22057,A,23370,LAUCR0001,Louisiana Commission on Law Enforcement LUCR/LIBRS/LEMIS,LA,1960,,2016,,2016,81535,9B,"MSA counties from 25,000 thru 99,999",L,Y,N,12,12,10,,,,2016,267,83,70302,29.491992,-90.394849
7158,LA0060000,LA0060000,Beauregard County Sheriff's Office,Beauregard,2,County,,,,,22,LA,1131,Beauregard,22011,A,23370,LAUCR0001,Louisiana Commission on Law Enforcement LUCR/LIBRS/LEMIS,LA,1960,,2016,,,25927,8B,"Non-MSA counties from 25,000 thru 99,999",L,N,N,12,0,7,,,,2016,69,18,70634,30.645018,-93.340253
7354,LA0510500,LA0510500,Baldwin Police Department,Baldwin,1,City,,,3755,Baldwin,22,LA,1176,St Mary,22101,A,23370,LAUCR0001,Louisiana Commission on Law Enforcement LUCR/LIBRS/LEMIS,LA,1975,,2016,,,2344,7,"Cities under 2,500",L,N,N,8,0,2,,,,2016,6,8,70514,29.629349,-91.463804
7193,LA0140100,LA0140100,Haynesville Police Department,Haynesville,1,City,,,3820,Haynesville,22,LA,1139,Claiborne,22027,A,23370,LAUCR0001,Louisiana Commission on Law Enforcement LUCR/LIBRS/LEMIS,LA,1960,,2016,,,2164,7,"Cities under 2,500",L,N,N,0,0,0,,,,2007,7,0,71038,32.827043,-92.989767
7168,LA0080500,LA0080500,"Louisiana State University: Health Sciences Center, Shreveport","Louisiana State University: Health Sciences Center, Shreveport",3,University or College,,328,,,22,LA,1133,Bossier,22015,A,23370,LAUCR0001,Louisiana Commission on Law Enforcement LUCR/LIBRS/LEMIS,LA,2002,,2016,,,0,7,"Cities under 2,500",L,Y,N,12,0,8,,,,2016,29,15,71130,32.577195,-93.882423
7373,LA0540200,LA0540200,Waterproof Police Department,Waterproof,1,City,,,3919,Waterproof,22,LA,1179,Tensas,22107,A,23370,LAUCR0001,Louisiana Commission on Law Enforcement LUCR/LIBRS/LEMIS,LA,1976,,2016,,2015,608,7,"Cities under 2,500",L,N,N,0,0,0,7371,LA0540000,Tensas,2005,2,0,71375,32.001489,-91.342576
7264,LA0290500,LA0290500,Thibodaux Police Department,Thibodaux,1,City,,,3911,Thibodaux,22,LA,1155,Lafourche,22057,A,23370,LAUCR0001,Louisiana Commission on Law Enforcement LUCR/LIBRS/LEMIS,LA,1960,,2016,,2016,14612,5,"Cities from 10,000 thru 24,999",L,N,Y,12,12,10,,,,2016,45,20,70301,29.491992,-90.394849
